timestamp,city,latitude,longitude,pm25,temperature,humidity,wind_speed,traffic_speed,free_flow_speed,traffic_congestion,hour_of_day,day_of_week,is_weekend,is_rush_hour,hour_sin,hour_cos,pm25_rolling_mean_3h,pm25_rolling_std_3h,congestion_rolling_mean_3h,pm25_rolling_mean_6h,pm25_rolling_std_6h,congestion_rolling_mean_6h,pm25_rolling_mean_24h,pm25_rolling_std_24h,congestion_rolling_mean_24h,pm25_lag_1h,congestion_lag_1h,temperature_lag_1h,pm25_lag_3h,congestion_lag_3h,temperature_lag_3h,pm25_lag_6h,congestion_lag_6h,temperature_lag_6h,pm25_rate_of_change,congestion_rate_of_change,temperature_rate_of_change,pm25_pct_change,speed_gap,congestion_delta,congestion_delta_3h,pm25_trend,congestion_trend,wind_dispersion,humidity_wind_idx,pm25_normalized,congestion_normalized,weather_stress
2026-03-26 22:00:00+00:00,New York,40.7143,-74.006,3.89,12.38,56,9.66,21.9,25.0,12.4,22,3,0,0,-0.5000000000000004,0.8660254037844384,3.89,0.0,12.4,3.89,0.0,12.4,3.89,0.0,12.4,,,,,,,,,,0.0,0.0,0.0,0.0,3.1,0.0,0.0,0,0,0.399,5.738,0.0259,0.124,0.0174
2026-03-26 23:00:00+00:00,New York,40.7143,-74.006,3.89,12.9,55,9.35,18.9,24.9,24.1,23,3,0,0,-0.25881904510252157,0.9659258262890681,3.89,0.0,18.25,3.89,0.0,18.25,3.89,0.0,18.25,3.89,12.4,12.38,,,,,,,0.0,11.7,0.52,0.0,6.0,11.7,0.0,0,0,0.412,5.82,0.0259,0.241,0.0192
2026-03-27 00:00:00+00:00,New York,40.7143,-74.006,5.66,12.99,53,8.02,21.1,27.2,22.43,0,4,0,0,0.0,1.0,4.48,1.022,19.643,4.48,1.022,19.643,4.48,1.022,19.643,3.89,24.1,12.9,,,,,,,1.77,-1.67,0.09,0.455,6.1,-1.67,0.0,0,0,0.697,6.527,0.0377,0.2243,0.0341
2026-03-27 01:00:00+00:00,New York,40.7143,-74.006,6.48,13.78,53,8.03,23.5,27.2,13.6,1,4,0,0,0.25881904510252074,0.9659258262890683,5.343,1.324,20.043,4.98,1.302,18.132,4.98,1.302,18.132,5.66,22.43,12.99,3.89,12.4,12.38,,,,0.82,-8.83,0.79,0.1449,3.7,-8.83,1.2,1,1,0.797,6.519,0.0432,0.136,0.034
2026-03-27 02:00:00+00:00,New York,40.7143,-74.006,4.69,14.55,56,9.01,23.7,27.8,14.75,2,4,0,0,0.49999999999999994,0.8660254037844387,5.61,0.896,16.927,4.922,1.135,17.456,4.922,1.135,17.456,6.48,13.6,13.78,3.89,24.1,12.9,,,,-1.79,1.15,0.77,-0.2762,4.1,1.15,-9.35,1,-1,0.515,6.147,0.0313,0.1475,0.0261
2026-03-27 03:00:00+00:00,New York,40.7143,-74.006,6.33,13.85,57,7.53,19.9,27.4,27.37,3,4,0,0,0.7071067811865476,0.7071067811865476,5.833,0.993,18.573,5.157,1.167,19.108,5.157,1.167,19.108,4.69,14.75,14.55,5.66,22.43,12.99,,,,1.64,12.62,-0.7,0.3497,7.5,12.62,4.94,1,-1,0.83,7.471,0.0422,0.2737,0.0541
2026-03-27 04:00:00+00:00,New York,40.7143,-74.006,6.19,13.84,51,8.18,21.7,27.6,21.38,4,4,0,0,0.8660254037844386,0.5000000000000001,5.737,0.909,21.167,5.54,1.038,20.605,5.304,1.135,19.433,6.33,27.37,13.85,6.48,13.6,13.78,3.89,12.4,12.38,-0.14,-5.99,-0.01,-0.0221,5.9,-5.99,7.78,1,1,0.748,6.159,0.0413,0.2138,0.0264
2026-03-27 05:00:00+00:00,New York,40.7143,-74.006,5.55,13.84,49,7.66,21.4,25.1,14.74,5,4,0,0,0.9659258262890683,0.25881904510252074,6.023,0.416,21.163,5.817,0.665,19.045,5.335,1.054,18.846,6.19,21.38,13.84,4.69,14.75,14.55,3.89,24.1,12.9,-0.64,-6.64,0.0,-0.1034,3.7,-6.64,-0.01,1,1,0.715,6.314,0.037,0.1474,0.0296
2026-03-27 06:00:00+00:00,New York,40.7143,-74.006,5.55,11.74,55,7.13,21.3,25.6,16.8,6,4,0,0,1.0,6.123233995736766e-17,5.763,0.37,17.64,5.798,0.671,18.107,5.359,0.989,18.619,5.55,14.74,13.84,6.33,27.37,13.85,5.66,22.43,12.99,0.0,2.06,-2.1,0.0,4.3,2.06,-10.57,1,-1,0.768,7.607,0.037,0.168,0.057
2026-03-27 07:00:00+00:00,New York,40.7143,-74.006,11.54,11.82,55,7.72,13.1,25.8,49.22,7,4,0,1,0.9659258262890683,-0.25881904510252063,7.547,3.458,26.92,6.642,2.469,24.043,5.977,2.165,21.679,5.55,16.8,11.74,6.19,21.38,13.84,6.48,13.6,13.78,5.99,32.42,0.08,1.0793,12.7,32.42,27.84,1,1,1.476,7.033,0.0769,0.4922,0.0449
2026-03-27 08:00:00+00:00,New York,40.7143,-74.006,11.02,11.1,58,6.99,13.7,25.2,45.63,8,4,0,1,0.8660254037844387,-0.4999999999999998,9.37,3.318,37.217,7.697,2.799,29.19,6.435,2.556,23.856,11.54,49.22,11.82,5.55,14.74,13.84,4.69,14.75,14.55,-0.52,-3.59,-0.72,-0.0451,11.5,-3.59,30.89,1,1,1.554,8.181,0.0735,0.4563,0.0691
2026-03-27 09:00:00+00:00,New York,40.7143,-74.006,9.8,10.29,54,8.45,12.9,25.3,49.01,9,4,0,1,0.7071067811865476,-0.7071067811865475,10.787,0.893,47.953,8.275,2.818,32.797,6.716,2.623,25.952,11.02,45.63,11.1,5.55,16.8,11.74,6.33,27.37,13.85,-1.22,3.38,-0.81,-0.1107,12.4,3.38,32.21,1,1,1.146,6.316,0.0653,0.4901,0.0297
2026-03-27 10:00:00+00:00,New York,40.7143,-74.006,6.03,8.66,56,8.08,17.9,25.2,28.97,10,4,0,0,0.49999999999999994,-0.8660254037844387,8.95,2.601,41.203,8.248,2.843,34.062,6.663,2.519,26.185,9.8,49.01,10.29,11.54,49.22,11.82,6.19,21.38,13.84,-3.77,-20.04,-1.63,-0.3847,7.3,-20.04,-20.25,1,1,0.737,6.846,0.0402,0.2897,0.0409
2026-03-27 11:00:00+00:00,New York,40.7143,-74.006,5.9,9.18,54,8.53,18.4,25.3,27.27,11,4,0,0,0.258819045102521,-0.9659258262890682,7.243,2.215,35.083,8.307,2.779,36.15,6.609,2.429,26.262,6.03,28.97,8.66,11.02,45.63,11.1,5.55,14.74,13.84,-0.13,-1.7,0.52,-0.0216,6.9,-1.7,-18.36,1,1,0.684,6.257,0.0393,0.2727,0.0284
2026-03-27 12:00:00+00:00,New York,40.7143,-74.006,5.28,8.57,58,8.11,20.7,24.9,16.87,12,4,0,0,1.2246467991473532e-16,-1.0,5.737,0.401,24.37,8.262,2.834,36.162,6.52,2.365,25.636,5.9,27.27,9.18,9.8,49.01,10.29,5.55,16.8,11.74,-0.62,-10.4,-0.61,-0.1051,4.2,-10.4,-32.14,-1,1,0.643,7.065,0.0352,0.1687,0.0455
2026-03-27 13:00:00+00:00,New York,40.7143,-74.006,5.85,8.63,61,8.33,19.0,25.2,24.6,13,4,0,0,-0.2588190451025208,-0.9659258262890683,5.677,0.344,22.913,7.313,2.443,32.058,6.478,2.291,25.571,5.28,16.87,8.57,6.03,28.97,8.66,11.54,49.22,11.82,0.57,7.73,0.06,0.108,6.2,7.73,-4.37,-1,-1,0.694,7.236,0.039,0.246,0.0491
2026-03-27 14:00:00+00:00,New York,40.7143,-74.006,6.35,8.16,57,8.92,19.5,24.8,21.37,14,4,0,0,-0.4999999999999997,-0.8660254037844388,5.827,0.535,20.947,6.535,1.637,28.015,6.471,2.219,25.324,5.85,24.6,8.63,5.9,27.27,9.18,11.02,45.63,11.1,0.5,-3.23,-0.47,0.0855,5.3,-3.23,-5.9,-1,-1,0.704,6.319,0.0423,0.2137,0.0297
2026-03-27 15:00:00+00:00,New York,40.7143,-74.006,4.16,8.14,59,9.87,18.8,25.3,25.69,15,4,0,0,-0.7071067811865471,-0.7071067811865479,5.453,1.148,23.887,5.595,0.784,24.128,6.342,2.22,25.344,6.35,21.37,8.16,5.28,16.87,8.57,9.8,49.01,10.29,-2.19,4.32,-0.02,-0.3449,6.5,4.32,8.82,-1,-1,0.417,5.918,0.0277,0.2569,0.0213
2026-03-27 16:00:00+00:00,New York,40.7143,-74.006,4.13,8.9,58,10.74,20.1,25.1,19.92,16,4,0,0,-0.8660254037844385,-0.5000000000000004,4.88,1.273,22.327,5.278,0.941,22.62,6.226,2.217,25.059,4.16,25.69,8.14,5.85,24.6,8.63,6.03,28.97,8.66,-0.03,-5.77,0.76,-0.0072,5.0,-5.77,-4.68,-1,-1,0.381,5.351,0.0275,0.1992,0.0093
2026-03-27 17:00:00+00:00,New York,40.7143,-74.006,4.13,8.42,57,9.76,14.3,25.2,43.25,17,4,0,1,-0.9659258262890683,-0.25881904510252063,4.14,0.017,29.62,4.983,0.984,25.283,6.121,2.208,25.968,4.13,19.92,8.9,6.35,21.37,8.16,5.9,27.27,9.18,0.0,23.33,-0.48,0.0,10.9,23.33,21.88,-1,-1,0.419,5.781,0.0275,0.4325,0.0184
2026-03-27 18:00:00+00:00,New York,40.7143,-74.006,10.01,9.83,53,9.5,13.2,23.7,44.3,18,4,0,1,-1.0,-1.8369701987210297e-16,6.09,3.395,35.823,5.772,2.293,29.855,6.306,2.313,26.841,4.13,43.25,8.42,4.16,25.69,8.14,5.28,16.87,8.57,5.88,1.05,1.41,1.4237,10.5,1.05,18.61,1,1,1.043,5.521,0.0667,0.443,0.0129
2026-03-27 19:00:00+00:00,New York,40.7143,-74.006,8.47,9.85,53,10.15,12.9,26.1,50.57,19,4,0,1,-0.9659258262890684,0.2588190451025203,7.537,3.049,46.04,6.208,2.546,34.183,6.405,2.304,27.92,10.01,44.3,9.83,4.13,19.92,8.9,5.85,24.6,8.63,-1.54,6.27,0.02,-0.1538,13.2,6.27,30.65,1,1,0.826,5.171,0.0565,0.5057,0.0054
2026-03-27 20:00:00+00:00,New York,40.7143,-74.006,3.41,10.43,54,9.44,20.2,24.7,18.22,20,4,0,0,-0.8660254037844386,0.5000000000000001,7.297,3.453,37.697,5.718,2.785,33.658,6.274,2.336,27.498,8.47,50.57,9.85,4.13,43.25,8.42,6.35,21.37,8.16,-5.06,-32.35,0.58,-0.5974,4.5,-32.35,-25.03,1,1,0.357,5.66,0.0227,0.1822,0.0158
2026-03-27 21:00:00+00:00,New York,40.7143,-74.006,2.97,11.43,51,10.28,20.5,25.0,18.0,21,4,0,0,-0.7071067811865477,0.7071067811865474,4.95,3.056,28.93,5.52,2.956,32.377,6.137,2.382,27.103,3.41,18.22,10.43,10.01,44.3,9.83,4.16,25.69,8.14,-0.44,-0.22,1.0,-0.129,4.5,-0.22,-26.3,-1,1,0.286,4.913,0.0198,0.18,0.0
2026-03-27 22:00:00+00:00,New York,40.7143,-74.006,7.37,11.51,62,4.8,20.6,25.3,18.58,22,4,0,0,-0.5000000000000004,0.8660254037844384,4.583,2.423,18.267,6.06,2.947,32.153,6.282,2.345,27.36,2.97,18.0,11.43,8.47,50.57,9.85,4.13,19.92,8.9,4.4,0.58,0.08,1.4815,4.7,0.58,-31.99,-1,-1,1.504,12.653,0.0491,0.1858,0.1638
2026-03-27 23:00:00+00:00,New York,40.7143,-74.006,8.09,11.9,66,4.52,19.1,25.2,24.21,23,4,0,0,-0.25881904510252157,0.9659258262890681,6.143,2.772,20.263,6.72,2.871,28.98,6.457,2.315,27.365,7.37,18.58,11.51,3.41,18.22,10.43,4.13,43.25,8.42,0.72,5.63,0.39,0.0977,6.1,5.63,5.99,1,-1,1.751,14.286,0.0539,0.2421,0.1983
2026-03-28 00:00:00+00:00,New York,40.7143,-74.006,9.44,12.6,57,5.11,22.5,28.0,19.64,0,5,1,0,0.0,1.0,8.3,1.051,20.81,6.625,2.747,24.87,6.614,2.386,27.248,8.09,24.21,11.9,2.97,18.0,11.43,10.01,44.3,9.83,1.35,-4.57,0.7,0.1669,5.5,-4.57,1.64,1,-1,1.812,10.94,0.0629,0.1964,0.1275
2026-03-28 01:00:00+00:00,New York,40.7143,-74.006,8.37,13.36,55,4.32,25.3,27.6,8.33,1,5,1,0,0.25881904510252074,0.9659258262890683,8.633,0.712,17.393,6.608,2.734,17.83,6.693,2.413,27.029,9.44,19.64,12.6,7.37,18.58,11.51,8.47,50.57,9.85,-1.07,-11.31,0.76,-0.1133,2.3,-11.31,-10.25,1,-1,1.894,12.443,0.0558,0.0833,0.1593
2026-03-28 02:00:00+00:00,New York,40.7143,-74.006,10.44,14.3,57,3.14,22.4,27.9,19.71,2,5,1,0,0.49999999999999994,0.8660254037844387,9.417,1.035,15.893,7.78,2.592,18.078,6.932,2.49,27.235,8.37,8.33,13.36,8.09,24.21,11.9,3.41,18.22,10.43,2.07,11.38,0.94,0.2473,5.5,11.38,-4.5,1,-1,3.222,17.593,0.0696,0.1971,0.2683
2026-03-28 03:00:00+00:00,New York,40.7143,-74.006,8.35,12.83,61,4.48,23.3,27.9,16.49,3,5,1,0,0.7071067811865476,0.7071067811865476,9.053,1.201,14.843,8.677,1.09,17.827,7.017,2.502,26.782,10.44,19.71,14.3,9.44,19.64,12.6,2.97,18.0,11.43,-2.09,-3.22,-1.47,-0.2002,4.6,-3.22,-3.15,1,-1,1.823,13.319,0.0557,0.1649,0.1779
2026-03-28 04:00:00+00:00,New York,40.7143,-74.006,9.08,13.13,60,3.65,25.0,27.8,10.07,4,5,1,0,0.8660254037844386,0.5000000000000001,9.29,1.061,15.423,8.962,0.885,16.408,7.137,2.53,26.311,8.35,16.49,12.83,8.37,8.33,13.36,7.37,18.58,11.51,0.73,-6.42,0.3,0.0874,2.8,-6.42,1.74,1,-1,2.421,16.0,0.0605,0.1007,0.2346
2026-03-28 05:00:00+00:00,New York,40.7143,-74.006,10.58,12.54,55,3.18,19.5,25.3,22.92,5,5,1,0,0.9659258262890683,0.25881904510252074,9.337,1.137,16.493,9.377,0.973,16.193,7.347,2.6,26.652,9.08,10.07,13.13,10.44,19.71,14.3,8.09,24.21,11.9,1.5,12.85,-0.59,0.1652,5.8,12.85,3.21,1,-1,3.226,16.768,0.0705,0.2292,0.2508
2026-03-28 06:00:00+00:00,New York,40.7143,-74.006,9.55,12.29,61,2.95,21.8,24.5,11.02,6,5,1,0,1.0,6.123233995736766e-17,9.737,0.767,14.67,9.395,0.976,14.757,7.513,2.608,26.411,10.58,22.92,12.54,8.35,16.49,12.83,9.44,19.64,12.6,-1.03,-11.9,-0.25,-0.0974,2.7,-11.9,-5.47,1,-1,3.131,20.0,0.0637,0.1102,0.3192
2026-03-28 07:00:00+00:00,New York,40.7143,-74.006,14.63,11.78,63,2.77,11.9,24.5,51.43,7,5,1,1,0.9659258262890683,-0.25881904510252063,11.587,2.685,28.457,10.438,2.217,21.94,7.642,2.878,26.503,9.55,11.02,12.29,9.08,10.07,13.13,8.37,8.33,13.36,5.08,40.41,-0.51,0.5319,12.6,40.41,41.36,1,1,5.098,21.951,0.0975,0.5143,0.3605
2026-03-28 08:00:00+00:00,New York,40.7143,-74.006,13.59,10.99,62,3.37,12.4,24.2,48.76,8,5,1,1,0.8660254037844387,-0.4999999999999998,12.59,2.684,37.07,10.963,2.564,26.782,7.749,3.052,26.633,14.63,51.43,11.78,10.58,22.92,12.54,10.44,19.71,14.3,-1.04,-2.67,-0.79,-0.0711,11.8,-2.67,25.84,1,1,3.916,17.867,0.0906,0.4876,0.2741
2026-03-28 09:00:00+00:00,New York,40.7143,-74.006,14.48,8.43,62,4.04,14.5,25.3,42.69,9,5,1,1,0.7071067811865476,-0.7071067811865475,14.233,0.562,47.627,11.985,2.535,31.148,7.944,3.326,26.37,13.59,48.76,10.99,9.55,11.02,12.29,8.35,16.49,12.83,0.89,-6.07,-2.56,0.0655,10.8,-6.07,31.67,1,1,3.498,14.976,0.0965,0.4269,0.2129
2026-03-28 10:00:00+00:00,New York,40.7143,-74.006,9.28,9.07,70,4.15,21.6,24.8,12.9,10,5,1,0,0.49999999999999994,-0.8660254037844387,12.45,2.781,34.783,12.018,2.49,31.62,8.08,3.311,25.7,14.48,42.69,8.43,14.63,51.43,11.78,9.08,10.07,13.13,-5.2,-29.79,0.64,-0.3591,3.2,-29.79,-38.53,1,1,2.184,16.471,0.0619,0.129,0.2445
2026-03-28 11:00:00+00:00,New York,40.7143,-74.006,9.28,8.63,68,4.3,20.5,25.2,18.65,11,5,1,0,0.258819045102521,-0.9659258262890682,11.013,3.002,24.747,11.802,2.689,30.908,8.22,3.286,25.341,9.28,12.9,9.07,13.59,48.76,10.99,10.58,22.92,12.54,0.0,5.75,-0.44,0.0,4.7,5.75,-30.11,1,1,2.109,15.455,0.0619,0.1865,0.223
2026-03-28 12:00:00+00:00,New York,40.7143,-74.006,8.3,8.34,59,4.55,21.5,25.6,16.02,12,5,1,0,1.2246467991473532e-16,-1.0,8.953,0.566,15.857,11.593,2.936,31.742,8.346,3.225,25.306,9.28,18.65,8.63,14.48,42.69,8.43,9.55,11.02,12.29,-0.98,-2.63,-0.29,-0.1056,4.1,-2.63,-26.67,-1,1,1.785,12.688,0.0553,0.1602,0.1645
2026-03-28 13:00:00+00:00,New York,40.7143,-74.006,7.9,7.68,61,4.77,21.5,25.5,15.69,13,5,1,0,-0.2588190451025208,-0.9659258262890683,8.493,0.71,16.787,10.472,2.827,25.785,8.432,3.183,24.935,8.3,16.02,8.34,9.28,12.9,9.07,14.63,51.43,11.78,-0.4,-0.33,-0.66,-0.0482,4.0,-0.33,2.79,-1,-1,1.622,12.526,0.0527,0.1569,0.1611
2026-03-28 14:00:00+00:00,New York,40.7143,-74.006,8.51,6.85,62,5.22,21.2,25.5,16.86,14,5,1,0,-0.4999999999999997,-0.8660254037844388,8.237,0.31,16.19,9.625,2.441,20.468,8.522,3.152,24.747,7.9,15.69,7.68,9.28,18.65,8.63,13.59,48.76,10.99,0.61,1.17,-0.83,0.0772,4.3,1.17,-1.79,-1,-1,1.6,11.654,0.0567,0.1686,0.1426
2026-03-28 15:00:00+00:00,New York,40.7143,-74.006,6.82,7.39,63,5.18,20.8,24.6,15.45,15,5,1,0,-0.7071067811865471,-0.7071067811865479,7.743,0.856,16.0,8.348,0.928,15.928,8.632,3.037,24.32,8.51,16.86,6.85,8.3,16.02,8.34,14.48,42.69,8.43,-1.69,-1.41,0.54,-0.1986,3.8,-1.41,-0.57,-1,-1,1.292,11.932,0.0455,0.1545,0.1485
2026-03-28 16:00:00+00:00,New York,40.7143,-74.006,7.93,7.95,63,5.19,22.0,24.6,10.57,16,5,1,0,-0.8660254037844385,-0.5000000000000004,7.753,0.859,14.293,8.123,0.813,15.54,8.791,2.887,23.93,6.82,15.45,7.39,7.9,15.69,7.68,9.28,12.9,9.07,1.11,-4.88,0.56,0.1628,2.6,-4.88,-5.12,-1,-1,1.499,11.909,0.0529,0.1057,0.148
2026-03-28 17:00:00+00:00,New York,40.7143,-74.006,12.41,8.22,58,5.72,13.4,25.4,47.24,17,5,1,1,-0.9659258262890683,-0.25881904510252063,9.053,2.959,24.42,8.645,1.934,20.305,9.136,2.8,24.097,7.93,10.57,7.95,8.51,16.86,6.85,9.28,18.65,8.63,4.48,36.67,0.27,0.5649,12.0,36.67,30.38,-1,-1,2.132,9.966,0.0827,0.4724,0.1069
2026-03-28 18:00:00+00:00,New York,40.7143,-74.006,11.13,8.65,62,5.39,14.2,25.2,43.65,18,5,1,1,-1.0,-1.8369701987210297e-16,10.49,2.308,33.82,9.117,2.165,24.91,9.182,2.824,24.07,12.41,47.24,8.22,6.82,15.45,7.39,8.3,16.02,8.34,-1.28,-3.59,0.43,-0.1031,11.0,-3.59,28.2,1,1,2.027,11.293,0.0742,0.4365,0.135
2026-03-28 19:00:00+00:00,New York,40.7143,-74.006,10.4,9.24,61,6.39,14.5,24.6,41.06,19,5,1,1,-0.9659258262890684,0.2588190451025203,11.313,1.017,43.983,9.533,2.124,29.138,9.263,2.83,23.673,11.13,43.65,8.65,7.93,10.57,7.95,7.9,15.69,7.68,-0.73,-2.59,0.59,-0.0656,10.1,-2.59,30.49,1,1,1.602,9.399,0.0693,0.4106,0.0949
2026-03-28 20:00:00+00:00,New York,40.7143,-74.006,9.15,10.31,61,4.41,20.0,25.3,20.95,20,5,1,0,-0.8660254037844386,0.5000000000000001,10.227,1.001,35.22,9.64,2.078,29.82,9.502,2.542,23.787,10.4,41.06,9.24,12.41,47.24,8.22,8.51,16.86,6.85,-1.25,-20.11,1.07,-0.1202,5.3,-20.11,-26.29,1,1,2.029,13.525,0.061,0.2095,0.1822
2026-03-28 21:00:00+00:00,New York,40.7143,-74.006,7.2,11.02,63,5.24,21.2,24.7,14.17,21,5,1,0,-0.7071067811865477,0.7071067811865474,8.917,1.613,25.393,9.703,1.978,29.607,9.678,2.192,23.627,9.15,20.95,10.31,11.13,43.65,8.65,6.82,15.45,7.39,-1.95,-6.78,0.71,-0.2131,3.5,-6.78,-29.48,1,1,1.348,11.798,0.048,0.1417,0.1457
2026-03-28 22:00:00+00:00,New York,40.7143,-74.006,8.23,9.0,60,6.26,20.1,25.3,20.55,22,5,1,0,-0.5000000000000004,0.8660254037844384,8.193,0.976,18.557,9.753,1.927,31.27,9.714,2.159,23.71,7.2,14.17,11.02,10.4,41.06,9.24,7.93,10.57,7.95,1.03,6.38,-2.02,0.1431,5.2,6.38,-20.51,1,1,1.294,9.434,0.0549,0.2055,0.0957
2026-03-28 23:00:00+00:00,New York,40.7143,-74.006,8.07,9.56,61,6.06,22.2,24.8,10.48,23,5,1,0,-0.25881904510252157,0.9659258262890681,7.833,0.554,15.067,9.03,1.497,25.143,9.713,2.16,23.138,8.23,20.55,9.0,9.15,20.95,10.31,12.41,47.24,8.22,-0.16,-10.07,0.56,-0.0194,2.6,-10.07,-10.47,-1,-1,1.31,9.903,0.0538,0.1048,0.1056
2026-03-29 00:00:00+00:00,New York,40.7143,-74.006,11.78,10.36,57,4.13,23.5,27.6,14.86,0,6,1,0,0.0,1.0,9.36,2.097,15.297,9.138,1.691,20.345,9.811,2.2,22.938,8.07,10.48,9.56,7.2,14.17,11.02,11.13,43.65,8.65,3.71,4.38,0.8,0.4597,4.1,4.38,0.69,-1,-1,2.785,13.475,0.0785,0.1486,0.1812
2026-03-29 01:00:00+00:00,New York,40.7143,-74.006,9.58,11.0,57,5.14,26.1,28.1,7.12,1,6,1,0,0.25881904510252074,0.9659258262890683,9.81,1.866,10.82,9.002,1.599,14.688,9.861,2.179,22.888,11.78,14.86,10.36,8.23,20.55,9.0,10.4,41.06,9.24,-2.2,-7.74,0.64,-0.1868,2.0,-7.74,-13.43,-1,-1,1.828,10.878,0.0639,0.0712,0.1262
2026-03-29 02:00:00+00:00,New York,40.7143,-74.006,11.14,11.73,52,4.72,21.7,27.2,20.22,2,6,1,0,0.49999999999999994,0.8660254037844387,10.833,1.132,14.067,9.333,1.826,14.567,9.89,2.192,22.909,9.58,7.12,11.0,8.07,10.48,9.56,9.15,20.95,10.31,1.56,13.1,0.73,0.1628,5.5,13.1,9.74,1,-1,2.311,10.788,0.0743,0.2022,0.1243
2026-03-29 03:00:00+00:00,New York,40.7143,-74.006,10.59,10.01,57,4.95,23.6,27.8,15.11,3,6,1,0,0.7071067811865476,0.7071067811865476,10.437,0.791,14.15,9.898,1.535,14.723,9.984,2.171,22.852,11.14,20.22,11.73,11.78,14.86,10.36,7.2,14.17,11.02,-0.55,-5.11,-1.72,-0.0494,4.2,-5.11,0.25,1,-1,2.097,11.287,0.0706,0.1511,0.1349
2026-03-29 04:00:00+00:00,New York,40.7143,-74.006,10.96,9.85,58,3.87,22.0,27.3,19.41,4,6,1,0,0.8660254037844386,0.5000000000000001,10.897,0.28,18.247,10.353,1.333,14.533,10.062,2.171,23.241,10.59,15.11,10.01,9.58,7.12,11.0,8.23,20.55,9.0,0.37,4.3,-0.16,0.0349,5.3,4.3,12.29,1,-1,2.761,14.61,0.0731,0.1941,0.2052
2026-03-29 05:00:00+00:00,New York,40.7143,-74.006,9.62,9.83,54,4.54,21.0,25.3,17.0,5,6,1,0,0.9659258262890683,0.25881904510252074,10.39,0.692,17.173,10.612,0.873,15.62,10.022,2.17,22.994,10.96,19.41,9.85,11.14,20.22,11.73,8.07,10.48,9.56,-1.34,-2.41,-0.02,-0.1223,4.3,-2.41,-3.22,1,1,2.073,11.638,0.0641,0.17,0.1423
2026-03-29 06:00:00+00:00,New York,40.7143,-74.006,10.86,8.88,57,2.75,22.8,25.0,8.8,6,6,1,0,1.0,6.123233995736766e-17,10.48,0.746,15.07,10.458,0.688,14.61,10.077,2.174,22.902,9.62,17.0,9.83,10.59,15.11,10.01,11.78,14.86,10.36,1.24,-8.2,-0.95,0.1289,2.2,-8.2,-6.31,1,-1,3.811,20.0,0.0724,0.088,0.3192
2026-03-29 07:00:00+00:00,New York,40.7143,-74.006,18.11,8.18,61,2.89,9.2,25.0,63.2,7,6,1,1,0.9659258262890683,-0.25881904510252063,12.863,4.586,29.667,11.88,3.099,23.957,10.222,2.57,23.392,10.86,8.8,8.88,10.96,19.41,9.85,9.58,7.12,11.0,7.25,54.4,-0.7,0.6676,15.8,54.4,43.79,1,1,6.057,20.401,0.1207,0.632,0.3277
2026-03-29 08:00:00+00:00,New York,40.7143,-74.006,15.17,7.9,59,4.23,10.3,25.3,59.29,8,6,1,1,0.8660254037844387,-0.4999999999999998,14.713,3.647,43.763,12.552,3.334,30.468,10.288,2.678,23.831,18.11,63.2,8.18,9.62,17.0,9.83,11.14,20.22,11.73,-2.94,-3.91,-0.28,-0.1623,15.0,-3.91,42.29,1,1,3.503,13.626,0.1011,0.5929,0.1844
2026-03-29 09:00:00+00:00,New York,40.7143,-74.006,13.71,7.06,58,3.47,11.4,25.5,55.29,9,6,1,1,0.7071067811865476,-0.7071067811865475,15.663,2.241,59.26,13.072,3.208,37.165,10.255,2.63,24.356,15.17,59.29,7.9,10.86,8.8,8.88,10.59,15.11,10.01,-1.46,-4.0,-0.84,-0.0962,14.1,-4.0,46.49,1,1,3.84,16.246,0.0914,0.5529,0.2398
2026-03-29 10:00:00+00:00,New York,40.7143,-74.006,9.0,6.91,59,5.53,22.9,25.5,10.2,10,6,1,0,0.49999999999999994,-0.8660254037844387,12.627,3.225,41.593,12.745,3.548,35.63,10.244,2.635,24.243,13.71,55.29,7.06,18.11,63.2,8.18,10.96,19.41,9.85,-4.71,-45.09,-0.15,-0.3435,2.6,-45.09,-53.0,1,1,1.599,10.48,0.06,0.102,0.1178
2026-03-29 11:00:00+00:00,New York,40.7143,-74.006,9.02,5.01,64,4.47,20.5,24.2,15.29,11,6,1,0,0.258819045102521,-0.9659258262890682,10.577,2.714,26.927,12.645,3.66,35.345,10.233,2.64,24.103,9.0,10.2,6.91,15.17,59.29,7.9,9.62,17.0,9.83,0.02,5.09,-1.9,0.0022,3.7,5.09,-44.0,1,1,1.974,14.004,0.0601,0.1529,0.1924
2026-03-29 12:00:00+00:00,New York,40.7143,-74.006,9.12,5.11,55,6.01,23.8,26.4,9.85,12,6,1,0,1.2246467991473532e-16,-1.0,9.047,0.064,11.78,12.355,3.892,35.52,10.267,2.619,23.846,9.02,15.29,5.01,13.71,55.29,7.06,10.86,8.8,8.88,0.1,-5.44,0.1,0.0111,2.6,-5.44,-45.44,-1,-1,1.493,9.002,0.0608,0.0985,0.0865
2026-03-29 13:00:00+00:00,New York,40.7143,-74.006,8.07,4.4,68,5.88,20.5,24.4,15.98,13,6,1,0,-0.2588190451025208,-0.9659258262890683,8.737,0.58,13.707,10.682,2.972,27.65,10.274,2.613,23.858,9.12,9.85,5.11,9.0,10.2,6.91,18.11,63.2,8.18,-1.05,6.13,-0.71,-0.1151,3.9,6.13,5.78,-1,-1,1.349,11.371,0.0538,0.1598,0.1366
2026-03-29 14:00:00+00:00,New York,40.7143,-74.006,8.38,5.24,63,5.49,20.7,26.0,20.38,14,6,1,0,-0.4999999999999997,-0.8660254037844388,8.523,0.539,15.403,9.55,2.08,21.165,10.269,2.617,24.005,8.07,15.98,4.4,9.02,15.29,5.01,15.17,59.29,7.9,0.31,4.4,0.84,0.0384,5.3,4.4,5.09,-1,-1,1.499,11.27,0.0559,0.2038,0.1345
2026-03-29 15:00:00+00:00,New York,40.7143,-74.006,9.8,4.22,62,5.52,20.9,25.0,16.4,15,6,1,0,-0.7071067811865471,-0.7071067811865479,8.75,0.922,17.587,8.898,0.607,14.683,10.393,2.515,24.045,8.38,20.38,5.24,9.12,9.85,5.11,13.71,55.29,7.06,1.42,-3.98,-1.02,0.1695,4.1,-3.98,6.55,-1,-1,1.744,11.032,0.0653,0.164,0.1295
2026-03-29 16:00:00+00:00,New York,40.7143,-74.006,9.05,5.21,65,4.93,20.5,24.9,17.67,16,6,1,0,-0.8660254037844385,-0.5000000000000004,9.077,0.71,18.15,8.907,0.609,15.928,10.44,2.477,24.34,9.8,16.4,4.22,8.07,15.98,4.4,9.0,10.2,6.91,-0.75,1.27,0.99,-0.0765,4.4,1.27,1.69,-1,-1,1.799,12.922,0.0603,0.1767,0.1695
2026-03-29 17:00:00+00:00,New York,40.7143,-74.006,12.56,5.94,64,6.47,11.7,25.2,53.57,17,6,1,1,-0.9659258262890683,-0.25881904510252063,10.47,1.848,29.213,9.497,1.619,22.308,10.446,2.482,24.604,9.05,17.67,5.21,8.38,20.38,5.24,9.02,15.29,5.01,3.51,35.9,0.73,0.3878,13.5,35.9,33.19,-1,1,1.912,9.741,0.0837,0.5357,0.1022
2026-03-29 18:00:00+00:00,New York,40.7143,-74.006,11.67,6.06,56,5.93,9.8,25.0,60.8,18,6,1,1,-1.0,-1.8369701987210297e-16,11.093,1.825,44.013,9.922,1.822,30.8,10.468,2.491,25.319,12.56,53.57,5.94,9.8,16.4,4.22,9.12,9.85,5.11,-0.89,7.23,0.12,-0.0709,15.2,7.23,44.4,1,1,1.935,9.287,0.0778,0.608,0.0925
2026-03-29 19:00:00+00:00,New York,40.7143,-74.006,14.97,7.5,63,5.32,10.4,25.5,59.22,19,6,1,1,-0.9659258262890684,0.2588190451025203,13.067,1.707,57.863,11.072,2.479,38.007,10.659,2.655,26.075,11.67,60.8,6.06,9.05,17.67,5.21,8.07,15.98,4.4,3.3,-1.58,1.44,0.2828,15.1,-1.58,41.55,1,1,2.762,11.624,0.0998,0.5922,0.142
2026-03-29 20:00:00+00:00,New York,40.7143,-74.006,9.35,7.54,57,6.0,22.4,24.9,10.04,20,6,1,0,-0.8660254037844386,0.5000000000000001,11.997,2.824,43.353,11.233,2.293,36.283,10.667,2.65,25.621,14.97,59.22,7.5,12.56,53.57,5.94,8.38,20.38,5.24,-5.62,-49.18,0.04,-0.3754,2.5,-49.18,-43.53,1,1,1.533,9.344,0.0623,0.1004,0.0938
2026-03-29 21:00:00+00:00,New York,40.7143,-74.006,9.81,9.31,57,5.86,22.8,24.7,7.69,21,6,1,0,-0.7071067811865477,0.7071067811865474,11.377,3.12,25.65,11.235,2.291,34.832,10.776,2.554,25.351,9.35,10.04,7.54,11.67,60.8,6.06,9.8,16.4,4.22,0.46,-2.35,1.77,0.0492,1.9,-2.35,-53.11,1,1,1.646,9.564,0.0654,0.0769,0.0984
2026-03-29 22:00:00+00:00,New York,40.7143,-74.006,12.21,8.96,49,1.23,23.7,25.6,7.42,22,6,1,0,-0.5000000000000004,0.8660254037844384,10.457,1.536,8.383,11.762,2.038,33.123,10.942,2.51,24.804,9.81,7.69,9.31,14.97,59.22,7.5,9.05,17.67,5.21,2.4,-0.27,-0.35,0.2446,1.9,-0.27,-51.8,1,-1,9.18,36.842,0.0814,0.0742,0.6756
2026-03-29 23:00:00+00:00,New York,40.7143,-74.006,12.73,9.55,50,1.23,19.3,25.0,22.8,23,6,1,0,-0.25881904510252157,0.9659258262890681,11.583,1.558,12.637,11.79,2.052,27.995,11.136,2.458,25.317,12.21,7.42,8.96,9.35,10.04,7.54,12.56,53.57,5.94,0.52,15.38,0.59,0.0426,5.7,15.38,12.76,1,-1,9.571,37.594,0.0849,0.228,0.6915
2026-03-30 00:00:00+00:00,New York,40.7143,-74.006,12.19,10.34,50,1.23,24.2,28.0,13.57,0,0,0,0,0.0,1.0,12.377,0.306,14.597,11.877,2.057,20.123,11.153,2.464,25.263,12.73,22.8,9.55,9.81,7.69,9.31,11.67,60.8,6.06,-0.54,-9.23,0.79,-0.0424,3.8,-9.23,5.88,1,-1,9.165,37.594,0.0813,0.1357,0.6915
2026-03-30 01:00:00+00:00,New York,40.7143,-74.006,12.53,10.04,50,1.23,22.7,28.0,18.93,1,0,0,0,0.25881904510252074,0.9659258262890683,12.483,0.273,18.433,11.47,1.485,13.408,11.276,2.456,25.755,12.19,13.57,10.34,12.21,7.42,8.96,14.97,59.22,7.5,0.34,5.36,-0.3,0.0279,5.3,5.36,11.51,-1,-1,9.421,37.594,0.0835,0.1893,0.6915
2026-03-30 02:00:00+00:00,New York,40.7143,-74.006,10.81,10.39,55,1.23,23.9,28.2,15.25,2,0,0,0,0.49999999999999994,0.8660254037844387,11.843,0.911,15.917,11.713,1.15,14.277,11.262,2.458,25.548,12.53,18.93,10.04,12.73,22.8,9.55,9.35,10.04,7.54,-1.72,-3.68,0.35,-0.1373,4.3,-3.68,-7.55,-1,-1,8.128,41.353,0.0721,0.1525,0.771
2026-03-30 03:00:00+00:00,New York,40.7143,-74.006,12.33,10.71,53,1.23,20.6,27.0,23.7,3,0,0,0,0.7071067811865476,0.7071067811865476,11.89,0.941,19.293,12.133,0.68,16.945,11.335,2.463,25.906,10.81,15.25,10.39,12.19,13.57,10.34,9.81,7.69,9.31,1.52,8.45,0.32,0.1406,6.4,8.45,10.13,1,-1,9.271,39.85,0.0822,0.237,0.7392
2026-03-30 04:00:00+00:00,New York,40.7143,-74.006,11.68,10.22,53,1.23,21.7,27.3,20.51,4,0,0,0,0.8660254037844386,0.5000000000000001,11.607,0.763,19.82,12.045,0.702,19.127,11.365,2.462,25.952,12.33,23.7,10.71,12.53,18.93,10.04,12.21,7.42,8.96,-0.65,-3.19,-0.49,-0.0527,5.6,-3.19,1.58,1,1,8.782,39.85,0.0779,0.2051,0.7392
2026-03-30 05:00:00+00:00,New York,40.7143,-74.006,19.43,8.82,52,1.23,8.8,25.5,65.49,5,0,0,0,0.9659258262890683,0.25881904510252074,14.48,4.299,36.567,13.162,3.132,26.242,11.773,2.93,27.972,11.68,20.51,10.22,10.81,15.25,10.39,12.73,22.8,9.55,7.75,44.98,-1.4,0.6635,16.7,44.98,50.24,1,1,14.609,39.098,0.1295,0.6549,0.7233
2026-03-30 06:00:00+00:00,New York,40.7143,-74.006,25.65,8.31,53,1.23,22.5,25.7,12.45,6,0,0,0,1.0,6.123233995736766e-17,18.92,6.999,32.817,15.405,5.897,26.055,12.39,4.065,28.125,19.43,65.49,8.82,12.33,23.7,10.71,12.19,13.57,10.34,6.22,-53.04,-0.51,0.3201,3.2,-53.04,-11.25,1,1,19.286,39.85,0.171,0.1245,0.7392
2026-03-30 07:00:00+00:00,New York,40.7143,-74.006,36.84,7.96,54,1.23,16.3,26.0,37.31,7,0,0,1,0.9659258262890683,-0.25881904510252063,27.307,8.822,38.417,19.457,10.262,29.118,13.17,6.361,27.046,25.65,12.45,8.31,11.68,20.51,10.22,12.53,18.93,10.04,11.19,24.86,-0.35,0.4363,9.7,24.86,16.8,1,1,27.699,40.602,0.2456,0.3731,0.7551
2026-03-30 08:00:00+00:00,New York,40.7143,-74.006,29.24,6.76,56,1.23,16.0,24.8,35.48,8,0,0,1,0.8660254037844387,-0.4999999999999998,30.577,5.713,28.413,22.528,9.909,32.49,13.756,7.152,26.054,36.84,37.31,7.96,19.43,65.49,8.82,10.81,15.25,10.39,-7.6,-1.83,-1.2,-0.2063,8.8,-1.83,-30.01,1,1,21.985,42.105,0.1949,0.3548,0.787
2026-03-30 09:00:00+00:00,New York,40.7143,-74.006,18.5,6.86,54,1.23,15.4,25.0,38.4,9,0,0,1,0.7071067811865476,-0.7071067811865475,28.193,9.215,37.063,23.557,8.908,34.94,13.956,7.217,25.35,29.24,35.48,6.76,25.65,12.45,8.31,12.33,23.7,10.71,-10.74,2.92,0.1,-0.3673,9.6,2.92,25.95,1,1,13.91,40.602,0.1233,0.384,0.7551
2026-03-30 10:00:00+00:00,New York,40.7143,-74.006,4.99,5.79,53,6.77,19.1,24.9,23.29,10,0,0,0,0.49999999999999994,-0.8660254037844387,17.577,12.151,32.39,22.442,10.89,35.403,13.789,7.382,25.895,18.5,38.4,6.86,36.84,37.31,7.96,11.68,20.51,10.22,-13.51,-15.11,-1.07,-0.7303,5.8,-15.11,-14.02,1,1,0.726,7.715,0.0333,0.2329,0.0593
2026-03-30 11:00:00+00:00,New York,40.7143,-74.006,1.55,4.75,52,8.86,19.9,24.4,18.44,11,0,0,0,0.258819045102521,-0.9659258262890682,8.347,8.96,26.71,19.462,13.908,27.562,13.478,7.74,26.027,4.99,23.29,5.79,29.24,35.48,6.76,19.43,65.49,8.82,-3.44,-4.85,-1.04,-0.6894,4.5,-4.85,-17.04,-1,-1,0.173,5.804,0.0103,0.1844,0.0188
2026-03-30 12:00:00+00:00,New York,40.7143,-74.006,3.25,4.71,55,8.65,20.5,25.1,18.33,12,0,0,0,1.2246467991473532e-16,-1.0,3.263,1.72,20.02,15.728,14.886,28.542,13.233,7.973,26.38,1.55,18.44,4.75,18.5,38.4,6.86,25.65,12.45,8.31,1.7,-0.11,-0.04,1.0968,4.6,-0.11,-20.07,-1,-1,0.371,6.286,0.0217,0.1833,0.029
2026-03-30 13:00:00+00:00,New York,40.7143,-74.006,3.49,4.01,60,8.55,20.4,24.9,18.07,13,0,0,0,-0.2588190451025208,-0.9659258262890683,2.763,1.058,18.28,10.17,11.196,25.335,13.042,8.155,26.467,3.25,18.33,4.71,4.99,23.29,5.79,36.84,37.31,7.96,0.24,-0.26,-0.7,0.0738,4.5,-0.26,-5.22,-1,-1,0.403,6.936,0.0233,0.1807,0.0428
2026-03-30 14:00:00+00:00,New York,40.7143,-74.006,3.01,4.48,55,8.71,19.7,25.1,21.51,14,0,0,0,-0.4999999999999997,-0.8660254037844388,3.25,0.24,19.303,5.798,6.319,23.007,12.818,8.359,26.514,3.49,18.07,4.01,1.55,18.44,4.75,29.24,35.48,6.76,-0.48,3.44,0.47,-0.1375,5.4,3.44,3.07,-1,-1,0.342,6.243,0.0201,0.2151,0.0281
2026-03-30 15:00:00+00:00,New York,40.7143,-74.006,2.48,4.48,54,9.15,20.5,25.4,19.29,15,0,0,0,-0.7071067811865471,-0.7071067811865479,2.993,0.505,19.623,3.128,1.143,19.822,12.513,8.604,26.635,3.01,21.51,4.48,3.25,18.33,4.71,18.5,38.4,6.86,-0.53,-2.22,0.0,-0.1761,4.9,-2.22,0.96,-1,-1,0.268,5.838,0.0165,0.1929,0.0196
2026-03-30 16:00:00+00:00,New York,40.7143,-74.006,1.49,4.82,51,9.56,18.3,24.8,26.21,16,0,0,0,-0.8660254037844385,-0.5000000000000004,2.327,0.772,22.337,2.545,0.862,20.308,12.198,8.871,26.99,2.48,19.29,4.48,3.49,18.07,4.01,4.99,23.29,5.79,-0.99,6.92,0.34,-0.3992,6.5,6.92,8.14,-1,-1,0.154,5.28,0.0099,0.2621,0.0077
2026-03-30 17:00:00+00:00,New York,40.7143,-74.006,1.49,5.4,58,9.48,16.8,25.3,33.6,17,0,0,1,-0.9659258262890683,-0.25881904510252063,1.82,0.572,26.367,2.535,0.876,22.835,11.737,9.135,26.158,1.49,26.21,4.82,3.01,21.51,4.48,1.55,18.44,4.75,0.0,7.39,0.58,0.0,8.5,7.39,12.09,-1,-1,0.156,6.054,0.0099,0.336,0.0241
2026-03-30 18:00:00+00:00,New York,40.7143,-74.006,6.34,5.47,57,9.39,13.7,25.6,46.48,18,0,0,1,-1.0,-1.8369701987210297e-16,3.107,2.8,35.43,3.05,1.801,27.527,11.515,9.201,25.562,1.49,33.6,5.4,2.48,19.29,4.48,3.25,18.33,4.71,4.85,12.88,0.07,3.255,11.9,12.88,27.19,-1,1,0.668,6.006,0.0423,0.4648,0.0231
2026-03-30 19:00:00+00:00,New York,40.7143,-74.006,7.77,6.82,50,8.88,13.5,24.4,44.67,19,0,0,1,-0.9659258262890684,0.2588190451025203,5.2,3.292,41.583,3.763,2.655,31.96,11.215,9.201,24.955,6.34,46.48,5.47,1.49,26.21,4.82,3.49,18.07,4.01,1.43,-1.81,1.35,0.2256,10.9,-1.81,18.46,1,1,0.865,5.568,0.0518,0.4467,0.0139
2026-03-30 20:00:00+00:00,New York,40.7143,-74.006,2.6,7.62,57,9.12,19.6,24.5,20.0,20,0,0,0,-0.8660254037844386,0.5000000000000001,5.57,2.67,37.05,3.695,2.683,31.708,10.934,9.362,25.37,7.77,44.67,6.82,1.49,33.6,5.4,3.01,21.51,4.48,-5.17,-24.67,0.8,-0.6654,4.9,-24.67,-13.6,1,1,0.282,6.182,0.0173,0.2,0.0268
2026-03-30 21:00:00+00:00,New York,40.7143,-74.006,1.0,8.16,55,10.12,21.1,24.8,14.92,21,0,0,0,-0.7071067811865477,0.7071067811865474,3.79,3.538,26.53,3.448,2.878,30.98,10.567,9.579,25.672,2.6,20.0,7.62,6.34,46.48,5.47,2.48,19.29,4.48,-1.6,-5.08,0.54,-0.6154,3.7,-5.08,-31.56,1,1,0.098,5.382,0.0067,0.1492,0.0099
2026-03-30 22:00:00+00:00,New York,40.7143,-74.006,2.47,12.51,57,8.15,17.6,24.5,28.16,22,0,0,0,-0.5000000000000004,0.8660254037844384,2.023,0.889,21.027,3.612,2.771,31.305,10.161,9.711,26.536,1.0,14.92,8.16,7.77,44.67,6.82,1.49,26.21,4.82,1.47,13.24,4.35,1.47,6.9,13.24,-16.51,-1,-1,0.299,6.909,0.0165,0.2816,0.0422
2026-03-30 23:00:00+00:00,New York,40.7143,-74.006,1.69,13.09,54,8.0,18.1,24.6,26.42,23,0,0,0,-0.25881904510252157,0.9659258262890681,1.72,0.735,23.167,3.645,2.741,30.108,9.701,9.845,26.687,2.47,28.16,12.51,2.6,20.0,7.62,1.49,33.6,5.4,-0.78,-1.74,0.58,-0.3158,6.5,-1.74,6.42,-1,-1,0.209,6.667,0.0113,0.2642,0.0371
2026-03-31 00:00:00+00:00,New York,40.7143,-74.006,1.0,13.23,49,8.21,23.7,27.3,13.19,0,1,0,0,0.0,1.0,1.72,0.735,22.59,2.755,2.551,24.56,9.235,9.986,26.671,1.69,26.42,13.09,1.0,14.92,8.16,6.34,46.48,5.47,-0.69,-13.23,0.14,-0.4083,3.6,-13.23,-1.73,-1,-1,0.12,5.897,0.0067,0.1319,0.0208
2026-03-31 01:00:00+00:00,New York,40.7143,-74.006,2.78,13.46,55,6.27,22.4,28.1,20.28,1,1,0,0,0.25881904510252074,0.9659258262890683,1.823,0.897,19.963,1.923,0.806,20.495,8.828,10.044,26.727,1.0,13.19,13.23,2.47,28.16,12.51,7.77,44.67,6.82,1.78,7.09,0.23,1.78,5.7,7.09,-7.88,-1,-1,0.436,8.634,0.0185,0.2028,0.0787
2026-03-31 02:00:00+00:00,New York,40.7143,-74.006,3.26,13.6,54,7.09,23.4,27.2,13.97,2,1,0,0,0.49999999999999994,0.8660254037844387,2.347,1.191,15.813,2.033,0.949,19.49,8.514,10.097,26.674,2.78,20.28,13.46,1.69,26.42,13.09,2.6,20.0,7.62,0.48,-6.31,0.14,0.1727,3.8,-6.31,-12.45,-1,-1,0.453,7.51,0.0217,0.1397,0.055
2026-03-31 03:00:00+00:00,New York,40.7143,-74.006,4.87,13.9,55,6.19,22.4,27.8,19.42,3,1,0,0,0.7071067811865476,0.7071067811865476,3.637,1.095,17.89,2.678,1.341,20.24,8.203,10.09,26.495,3.26,13.97,13.6,1.0,13.19,13.23,1.0,14.92,8.16,1.61,5.45,0.3,0.4939,5.4,5.45,6.23,-1,-1,0.774,8.744,0.0325,0.1942,0.0811
2026-03-31 04:00:00+00:00,New York,40.7143,-74.006,5.66,13.92,56,5.48,22.2,28.1,21.0,4,1,0,0,0.8660254037844386,0.5000000000000001,4.597,1.223,18.13,3.21,1.797,19.047,7.952,10.074,26.516,4.87,19.42,13.9,2.78,20.28,13.46,2.47,28.16,12.51,0.79,1.58,0.02,0.1622,5.9,1.58,0.72,1,-1,1.014,10.036,0.0377,0.21,0.1084
2026-03-31 05:00:00+00:00,New York,40.7143,-74.006,4.75,12.97,57,5.17,18.9,25.3,25.3,5,1,0,0,0.9659258262890683,0.25881904510252074,5.093,0.494,21.907,3.72,1.711,18.86,7.34,9.789,24.841,5.66,21.0,13.92,3.26,13.97,13.6,1.69,26.42,13.09,-0.91,4.3,-0.95,-0.1608,6.4,4.3,11.33,1,-1,0.901,10.816,0.0317,0.253,0.1249
2026-03-31 06:00:00+00:00,New York,40.7143,-74.006,3.27,13.17,56,5.84,18.8,25.4,25.98,6,1,0,0,1.0,6.123233995736766e-17,4.56,1.206,24.093,4.098,1.148,20.992,6.408,9.003,25.405,4.75,25.3,12.97,4.87,19.42,13.9,1.0,13.19,13.23,-1.48,0.68,0.2,-0.3116,6.6,0.68,6.56,1,1,0.551,9.428,0.0218,0.2598,0.0955
2026-03-31 07:00:00+00:00,New York,40.7143,-74.006,9.8,11.11,60,6.18,11.8,24.9,52.61,7,1,0,1,0.9659258262890683,-0.25881904510252063,5.94,3.424,34.63,5.268,2.414,26.38,5.281,6.322,26.042,3.27,25.98,13.17,5.66,21.0,13.92,2.78,20.28,13.46,6.53,26.63,-2.06,1.9969,13.1,26.63,31.61,1,1,1.561,9.554,0.0653,0.5261,0.0982
2026-03-31 08:00:00+00:00,New York,40.7143,-74.006,9.29,11.75,49,5.89,11.8,25.1,52.99,8,1,0,1,0.8660254037844387,-0.4999999999999998,7.453,3.632,43.86,6.273,2.654,32.883,4.45,3.871,26.772,9.8,52.61,11.11,4.75,25.3,12.97,3.26,13.97,13.6,-0.51,0.38,0.64,-0.052,13.3,0.38,27.69,1,1,1.551,8.18,0.0619,0.5299,0.0691
2026-03-31 09:00:00+00:00,New York,40.7143,-74.006,6.37,9.64,61,7.61,12.5,25.2,50.4,9,1,0,1,0.7071067811865476,-0.7071067811865475,8.487,1.851,52.0,6.523,2.565,38.047,3.945,2.509,27.272,9.29,52.99,11.75,3.27,25.98,13.17,4.87,19.42,13.9,-2.92,-2.59,-2.11,-0.3143,12.7,-2.59,24.42,1,1,0.826,7.912,0.0425,0.504,0.0634
2026-03-31 10:00:00+00:00,New York,40.7143,-74.006,4.62,9.18,56,6.28,22.4,25.4,11.81,10,1,0,0,0.49999999999999994,-0.8660254037844387,6.76,2.359,38.4,6.35,2.668,36.515,3.929,2.504,26.794,6.37,50.4,9.64,9.8,52.61,11.11,5.66,21.0,13.92,-1.75,-38.59,-0.46,-0.2747,3.0,-38.59,-40.8,1,1,0.724,8.777,0.0308,0.1181,0.0818
2026-03-31 11:00:00+00:00,New York,40.7143,-74.006,3.18,9.0,58,6.4,18.4,24.9,26.1,11,1,0,0,0.258819045102521,-0.9659258262890682,4.723,1.598,29.437,6.088,2.921,36.648,3.997,2.458,27.113,4.62,11.81,9.18,9.29,52.99,11.75,4.75,25.3,12.97,-1.44,14.29,-0.18,-0.3117,6.5,14.29,-26.89,-1,1,0.489,8.923,0.0212,0.261,0.0848
2026-03-31 12:00:00+00:00,New York,40.7143,-74.006,3.36,8.51,58,6.89,20.2,24.8,18.55,12,1,0,0,1.2246467991473532e-16,-1.0,3.72,0.785,18.82,6.103,2.904,35.41,4.002,2.457,27.122,3.18,26.1,9.0,6.37,50.4,9.64,3.27,25.98,13.17,0.18,-7.55,-0.49,0.0566,4.6,-7.55,-31.85,-1,-1,0.481,8.298,0.0224,0.1855,0.0716
2026-03-31 13:00:00+00:00,New York,40.7143,-74.006,1.42,7.31,61,8.4,21.8,25.3,13.83,13,1,0,0,-0.2588190451025208,-0.9659258262890683,2.653,1.072,19.493,4.707,2.783,28.947,3.915,2.511,26.945,3.36,18.55,8.51,4.62,11.81,9.18,9.8,52.61,11.11,-1.94,-4.72,-1.2,-0.5774,3.5,-4.72,2.02,-1,-1,0.167,7.176,0.0095,0.1383,0.0479
2026-03-31 14:00:00+00:00,New York,40.7143,-74.006,2.62,8.45,61,7.78,19.5,24.5,20.41,14,1,0,0,-0.4999999999999997,-0.8660254037844388,2.467,0.979,17.597,3.595,1.712,23.517,3.899,2.519,26.9,1.42,13.83,7.31,3.18,26.1,9.0,9.29,52.99,11.75,1.2,6.58,1.14,0.8451,5.0,6.58,-5.69,-1,-1,0.332,7.741,0.0175,0.2041,0.0598
2026-03-31 15:00:00+00:00,New York,40.7143,-74.006,2.15,7.87,65,7.98,18.5,24.8,25.4,15,1,0,0,-0.7071067811865471,-0.7071067811865479,2.063,0.605,19.88,2.892,1.103,19.35,3.885,2.528,27.154,2.62,20.41,8.45,3.36,18.55,8.51,6.37,50.4,9.64,-0.47,4.99,-0.58,-0.1794,6.3,4.99,6.85,-1,-1,0.266,8.045,0.0143,0.254,0.0663
2026-03-31 16:00:00+00:00,New York,40.7143,-74.006,1.0,8.23,60,7.43,21.0,25.1,16.33,16,1,0,0,-0.8660254037844385,-0.5000000000000004,1.923,0.833,20.713,2.288,0.947,20.103,3.865,2.55,26.743,2.15,25.4,7.87,1.42,13.83,7.31,4.62,11.81,9.18,-1.15,-9.07,0.36,-0.5349,4.1,-9.07,2.5,-1,-1,0.133,7.968,0.0067,0.1633,0.0646
2026-03-31 17:00:00+00:00,New York,40.7143,-74.006,7.16,8.9,55,8.77,11.9,24.8,52.02,17,1,0,1,-0.9659258262890683,-0.25881904510252063,3.437,3.275,31.25,2.952,2.226,24.423,4.101,2.583,27.51,1.0,16.33,8.23,2.62,20.41,8.45,3.18,26.1,9.0,6.16,35.69,0.67,6.16,12.9,35.69,31.61,-1,1,0.807,6.201,0.0477,0.5202,0.0272
2026-03-31 18:00:00+00:00,New York,40.7143,-74.006,4.5,9.74,56,9.57,10.9,25.0,56.4,18,1,0,1,-1.0,-1.8369701987210297e-16,4.22,3.09,41.583,3.142,2.315,30.732,4.025,2.54,27.923,7.16,52.02,8.9,2.15,25.4,7.87,3.36,18.55,8.51,-2.66,4.38,0.84,-0.3715,14.1,4.38,31.0,1,1,0.465,5.791,0.03,0.564,0.0186
2026-03-31 19:00:00+00:00,New York,40.7143,-74.006,5.54,10.29,59,8.8,12.5,24.7,49.39,19,1,0,1,-0.9659258262890684,0.2588190451025203,5.733,1.34,52.603,3.828,2.313,36.658,3.932,2.436,28.12,4.5,56.4,9.74,1.0,16.33,8.23,1.42,13.83,7.31,1.04,-7.01,0.55,0.2311,12.2,-7.01,33.06,1,1,0.622,6.629,0.0369,0.4939,0.0363
2026-03-31 20:00:00+00:00,New York,40.7143,-74.006,1.0,11.85,55,8.94,17.6,24.6,28.46,20,1,0,0,-0.8660254037844386,0.5000000000000001,3.68,2.378,44.75,3.558,2.564,38.0,3.865,2.495,28.472,5.54,49.39,10.29,7.16,52.02,8.9,2.62,20.41,8.45,-4.54,-20.93,1.56,-0.8195,7.0,-20.93,-23.56,1,1,0.111,6.084,0.0067,0.2846,0.0248
2026-03-31 21:00:00+00:00,New York,40.7143,-74.006,1.44,12.28,57,7.71,20.2,25.2,19.84,21,1,0,0,-0.7071067811865477,0.7071067811865474,2.66,2.504,32.563,3.44,2.656,37.073,3.883,2.475,28.678,1.0,28.46,11.85,4.5,56.4,9.74,2.15,25.4,7.87,0.44,-8.62,0.43,0.44,5.0,-8.62,-36.56,1,1,0.184,7.298,0.0096,0.1984,0.0505
2026-03-31 22:00:00+00:00,New York,40.7143,-74.006,1.0,10.27,60,9.27,20.3,24.7,17.81,22,1,0,0,-0.5000000000000004,0.8660254037844384,1.147,0.254,22.037,3.44,2.656,37.32,3.822,2.529,28.246,1.44,19.84,12.28,5.54,49.39,10.29,1.0,16.33,8.23,-0.44,-2.03,-2.01,-0.3056,4.4,-2.03,-31.58,-1,1,0.107,6.403,0.0067,0.1781,0.0315
2026-03-31 23:00:00+00:00,New York,40.7143,-74.006,1.0,11.56,62,9.24,21.1,25.1,15.94,23,1,0,0,-0.25881904510252157,0.9659258262890681,1.147,0.254,17.863,2.413,2.053,31.307,3.793,2.558,27.81,1.0,17.81,10.27,1.0,28.46,11.85,7.16,52.02,8.9,0.0,-1.87,1.29,0.0,4.0,-1.87,-12.52,-1,-1,0.107,6.638,0.0067,0.1594,0.0365
2026-04-01 00:00:00+00:00,New York,40.7143,-74.006,1.0,12.08,61,8.93,20.9,26.8,22.01,0,2,0,0,0.0,1.0,1.0,0.0,18.587,1.83,1.826,25.575,3.793,2.558,28.177,1.0,15.94,11.56,1.44,19.84,12.28,4.5,56.4,9.74,0.0,6.07,0.52,0.0,5.9,6.07,2.17,-1,-1,0.111,6.755,0.0067,0.2201,0.039
2026-04-01 01:00:00+00:00,New York,40.7143,-74.006,1.39,12.27,60,8.14,19.5,27.6,29.35,1,2,0,0,0.25881904510252074,0.9659258262890683,1.13,0.225,22.433,1.138,0.215,22.235,3.735,2.597,28.555,1.0,22.01,12.08,1.0,17.81,10.27,5.54,49.39,10.29,0.39,7.34,0.19,0.39,8.1,7.34,11.54,-1,-1,0.169,7.282,0.0093,0.2935,0.0501
2026-04-01 02:00:00+00:00,New York,40.7143,-74.006,1.0,12.83,59,8.75,19.6,27.1,27.68,2,2,0,0,0.49999999999999994,0.8660254037844387,1.13,0.225,26.347,1.138,0.215,22.105,3.641,2.655,29.126,1.39,29.35,12.27,1.0,15.94,11.56,1.0,28.46,11.85,-0.39,-1.67,0.56,-0.2806,7.5,-1.67,11.74,-1,-1,0.113,6.667,0.0067,0.2768,0.0371
2026-04-01 03:00:00+00:00,New York,40.7143,-74.006,1.25,12.3,61,8.34,22.1,27.6,19.93,3,2,0,0,0.7071067811865476,0.7071067811865476,1.213,0.198,25.653,1.107,0.171,22.12,3.49,2.685,29.147,1.0,27.68,12.83,1.0,22.01,12.08,1.44,19.84,12.28,0.25,-7.75,-0.53,0.25,5.5,-7.75,-2.08,-1,-1,0.148,7.227,0.0083,0.1993,0.049
2026-04-01 04:00:00+00:00,New York,40.7143,-74.006,1.0,11.73,63,7.85,24.1,27.4,12.04,4,2,0,0,0.8660254037844386,0.5000000000000001,1.083,0.144,19.883,1.107,0.171,21.158,3.296,2.69,28.774,1.25,19.93,12.3,1.39,29.35,12.27,1.0,17.81,10.27,-0.25,-7.89,-0.57,-0.2,3.3,-7.89,-17.31,-1,-1,0.126,7.925,0.0067,0.1204,0.0637
2026-04-01 05:00:00+00:00,New York,40.7143,-74.006,1.0,11.36,62,8.5,19.0,24.9,23.69,5,2,0,0,0.9659258262890683,0.25881904510252074,1.083,0.144,18.553,1.107,0.171,22.45,3.14,2.711,28.707,1.0,12.04,11.73,1.0,27.68,12.83,1.0,15.94,11.56,0.0,11.65,-0.37,0.0,5.9,11.65,-3.99,-1,1,0.116,7.209,0.0067,0.2369,0.0486
2026-04-01 06:00:00+00:00,New York,40.7143,-74.006,3.57,10.97,67,7.23,18.8,25.0,24.8,6,2,0,0,1.0,6.123233995736766e-17,1.857,1.484,20.177,1.535,1.01,22.915,3.152,2.712,28.658,1.0,23.69,11.36,1.25,19.93,12.3,1.0,22.01,12.08,2.57,1.11,-0.39,2.57,6.2,1.11,4.87,1,1,0.487,9.141,0.0238,0.248,0.0894
2026-04-01 07:00:00+00:00,New York,40.7143,-74.006,5.59,9.63,61,7.68,12.5,24.9,49.8,7,2,0,1,0.9659258262890683,-0.25881904510252063,3.387,2.3,32.763,2.235,1.928,26.323,2.977,2.379,28.541,3.57,24.8,10.97,1.0,12.04,11.73,1.39,29.35,12.27,2.02,25.0,-1.34,0.5658,12.4,25.0,37.76,1,1,0.719,7.841,0.0373,0.498,0.0619
2026-04-01 08:00:00+00:00,New York,40.7143,-74.006,4.81,8.9,66,7.64,11.9,24.8,52.02,8,2,0,1,0.8660254037844387,-0.4999999999999998,4.657,1.019,42.207,2.87,2.063,30.38,2.79,2.009,28.5,5.59,49.8,9.63,1.0,23.69,11.36,1.0,27.68,12.83,-0.78,2.22,-0.73,-0.1395,12.9,2.22,28.33,1,1,0.621,8.527,0.0321,0.5202,0.0765
2026-04-01 09:00:00+00:00,New York,40.7143,-74.006,6.05,8.08,71,7.64,14.7,25.5,42.35,9,2,0,1,0.7071067811865476,-0.7071067811865475,5.483,0.627,48.057,3.67,2.232,34.117,2.777,1.985,28.165,4.81,52.02,8.9,3.57,24.8,10.97,1.25,19.93,12.3,1.24,-9.67,-0.82,0.2578,10.8,-9.67,17.55,1,1,0.782,9.173,0.0403,0.4235,0.0901
2026-04-01 10:00:00+00:00,New York,40.7143,-74.006,1.0,6.81,64,7.09,19.3,24.6,21.54,10,2,0,0,0.49999999999999994,-0.8660254037844387,3.953,2.632,38.637,3.67,2.232,35.7,2.626,1.977,28.57,6.05,42.35,8.08,5.59,49.8,9.63,1.0,12.04,11.73,-5.05,-20.81,-1.27,-0.8347,5.3,-20.81,-28.26,1,1,0.139,8.901,0.0067,0.2154,0.0844
2026-04-01 11:00:00+00:00,New York,40.7143,-74.006,1.0,6.7,63,9.04,21.5,25.0,14.0,11,2,0,0,0.258819045102521,-0.9659258262890682,2.683,2.916,25.963,3.67,2.232,34.085,2.535,2.0,28.066,1.0,21.54,6.81,4.81,52.02,8.9,1.0,23.69,11.36,0.0,-7.54,-0.11,0.0,3.5,-7.54,-38.02,1,1,0.109,6.893,0.0067,0.14,0.0419
2026-04-01 12:00:00+00:00,New York,40.7143,-74.006,1.0,6.53,60,7.86,20.4,24.9,18.07,12,2,0,0,1.2246467991473532e-16,-1.0,1.0,0.0,17.87,3.242,2.487,32.963,2.437,2.016,28.046,1.0,14.0,6.7,6.05,42.35,8.08,3.57,24.8,10.97,0.0,4.07,-0.17,0.0,4.5,4.07,-24.28,-1,-1,0.126,7.538,0.0067,0.1807,0.0555
2026-04-01 13:00:00+00:00,New York,40.7143,-74.006,1.0,6.01,60,8.81,19.3,24.9,22.49,13,2,0,0,-0.2588190451025208,-0.9659258262890683,1.0,0.0,18.187,2.477,2.321,28.412,2.42,2.027,28.407,1.0,18.07,6.53,1.0,21.54,6.81,5.59,49.8,9.63,0.0,4.42,-0.52,0.0,5.6,4.42,0.95,-1,-1,0.112,6.734,0.0067,0.2249,0.0385
2026-04-01 14:00:00+00:00,New York,40.7143,-74.006,1.0,5.48,67,10.1,20.9,25.0,16.4,14,2,0,0,-0.4999999999999997,-0.8660254037844388,1.0,0.0,18.987,1.842,2.062,22.475,2.352,2.047,28.24,1.0,22.49,6.01,1.0,14.0,6.7,4.81,52.02,8.9,0.0,-6.09,-0.53,0.0,4.1,-6.09,2.4,-1,-1,0.098,6.569,0.0067,0.164,0.035
2026-04-01 15:00:00+00:00,New York,40.7143,-74.006,1.0,6.72,66,9.52,20.2,25.0,19.2,15,2,0,0,-0.7071067811865471,-0.7071067811865479,1.0,0.0,19.363,1.0,0.0,18.617,2.304,2.065,27.982,1.0,16.4,5.48,1.0,18.07,6.53,6.05,42.35,8.08,0.0,2.8,1.24,0.0,4.8,2.8,1.13,-1,-1,0.104,6.861,0.0067,0.192,0.0412
2026-04-01 16:00:00+00:00,New York,40.7143,-74.006,1.0,6.15,64,8.94,20.0,25.4,21.26,16,2,0,0,-0.8660254037844385,-0.5000000000000004,1.0,0.0,18.953,1.0,0.0,18.57,2.304,2.065,28.187,1.0,19.2,6.72,1.0,22.49,6.01,1.0,21.54,6.81,0.0,2.06,-0.57,0.0,5.4,2.06,-1.23,-1,-1,0.111,7.08,0.0067,0.2126,0.0458
2026-04-01 17:00:00+00:00,New York,40.7143,-74.006,5.27,7.74,60,9.08,14.5,24.5,40.82,17,2,0,1,-0.9659258262890683,-0.25881904510252063,2.423,2.465,27.093,1.712,1.743,23.04,2.225,1.901,27.72,1.0,21.26,6.15,1.0,16.4,5.48,1.0,14.0,6.7,4.27,19.56,1.59,4.27,10.0,19.56,24.42,-1,1,0.574,6.536,0.0351,0.4082,0.0343
2026-04-01 18:00:00+00:00,New York,40.7143,-74.006,1.0,7.35,64,11.29,14.2,24.9,42.97,18,2,0,1,-1.0,-1.8369701987210297e-16,2.423,2.465,35.017,1.712,1.743,27.19,2.08,1.853,27.161,5.27,40.82,7.74,1.0,19.2,6.72,1.0,18.07,6.53,-4.27,2.15,-0.39,-0.8102,10.7,2.15,23.77,1,1,0.088,5.619,0.0067,0.4297,0.0149
2026-04-01 19:00:00+00:00,New York,40.7143,-74.006,3.2,7.87,62,10.18,16.4,25.7,36.19,19,2,0,1,-0.9659258262890684,0.2588190451025203,3.157,2.135,39.993,2.078,1.794,29.473,1.982,1.72,26.611,1.0,42.97,7.35,1.0,21.26,6.15,1.0,22.49,6.01,2.2,-6.78,0.52,2.2,9.3,-6.78,14.93,1,1,0.311,6.031,0.0213,0.3619,0.0237
2026-04-01 20:00:00+00:00,New York,40.7143,-74.006,1.0,8.56,62,10.41,21.3,24.6,13.41,20,2,0,0,-0.8660254037844386,0.5000000000000001,1.733,1.27,30.857,2.078,1.794,28.975,1.982,1.72,25.984,3.2,36.19,7.87,5.27,40.82,7.74,1.0,16.4,5.48,-2.2,-22.78,0.69,-0.6875,3.3,-22.78,-27.41,1,1,0.095,5.899,0.0067,0.1341,0.0209
2026-04-01 21:00:00+00:00,New York,40.7143,-74.006,1.0,10.34,60,10.17,18.7,24.6,23.98,21,2,0,0,-0.7071067811865477,0.7071067811865474,1.733,1.27,24.527,2.078,1.794,29.772,1.964,1.728,26.156,1.0,13.41,8.56,1.0,42.97,7.35,1.0,19.2,6.72,0.0,10.57,1.78,0.0,5.9,10.57,-18.99,1,1,0.097,5.842,0.0067,0.2398,0.0197
2026-04-01 22:00:00+00:00,New York,40.7143,-74.006,6.62,11.59,54,4.46,19.7,25.1,21.51,22,2,0,0,-0.5000000000000004,0.8660254037844384,2.873,3.245,19.633,3.015,2.462,29.813,2.198,1.957,26.31,1.0,23.98,10.34,3.2,36.19,7.87,1.0,21.26,6.15,5.62,-2.47,1.25,5.62,5.4,-2.47,-14.68,1,1,1.452,11.842,0.0441,0.2151,0.1466
2026-04-01 23:00:00+00:00,New York,40.7143,-74.006,4.51,12.87,62,5.74,21.2,25.1,15.54,23,2,0,0,-0.25881904510252157,0.9659258262890681,4.043,2.839,20.343,2.888,2.339,25.6,2.344,1.995,26.294,6.62,21.51,11.59,1.0,13.41,8.56,5.27,40.82,7.74,-2.11,-5.97,1.28,-0.3187,3.9,-5.97,2.13,1,-1,0.772,10.616,0.0301,0.1554,0.1207
2026-04-02 00:00:00+00:00,New York,40.7143,-74.006,6.39,13.14,58,4.89,20.3,27.3,25.64,0,3,0,0,0.0,1.0,5.84,1.158,20.897,3.787,2.498,22.712,2.569,2.135,26.445,4.51,15.54,12.87,1.0,23.98,10.34,1.0,42.97,7.35,1.88,10.1,0.27,0.4169,7.0,10.1,1.66,1,-1,1.281,11.623,0.0426,0.2564,0.142
2026-04-02 01:00:00+00:00,New York,40.7143,-74.006,6.6,13.29,59,4.88,22.3,27.5,18.91,1,3,0,0,0.25881904510252074,0.9659258262890683,5.833,1.151,20.03,4.353,2.715,19.832,2.786,2.271,26.01,6.39,25.64,13.14,6.62,21.51,11.59,3.2,36.19,7.87,0.21,-6.73,0.15,0.0329,5.2,-6.73,-2.6,1,-1,1.325,11.847,0.044,0.1891,0.1467
2026-04-02 02:00:00+00:00,New York,40.7143,-74.006,7.45,13.81,63,3.57,24.2,27.3,11.36,2,3,0,0,0.49999999999999994,0.8660254037844387,6.813,0.561,18.637,5.428,2.377,19.49,3.055,2.427,25.33,6.6,18.91,13.29,4.51,15.54,12.87,1.0,13.41,8.56,0.85,-7.55,0.52,0.1288,3.1,-7.55,-4.18,1,-1,2.03,17.166,0.0497,0.1136,0.2593
2026-04-02 03:00:00+00:00,New York,40.7143,-74.006,6.54,14.28,59,3.6,20.2,27.8,27.34,3,3,0,0,0.7071067811865476,0.7071067811865476,6.863,0.509,19.203,6.352,0.977,20.05,3.275,2.495,25.639,7.45,11.36,13.81,6.39,25.64,13.14,1.0,23.98,10.34,-0.91,15.98,0.47,-0.1221,7.6,15.98,1.7,1,-1,1.768,15.946,0.0436,0.2734,0.2334
2026-04-02 04:00:00+00:00,New York,40.7143,-74.006,3.84,13.48,60,4.62,23.5,28.0,16.07,4,3,0,0,0.8660254037844386,0.5000000000000001,5.943,1.878,18.257,5.888,1.394,19.143,3.393,2.449,25.807,6.54,27.34,14.28,6.6,18.91,13.29,6.62,21.51,11.59,-2.7,-11.27,-0.8,-0.4128,4.5,-11.27,-2.84,1,-1,0.814,12.712,0.0256,0.1607,0.165
2026-04-02 05:00:00+00:00,New York,40.7143,-74.006,8.14,12.46,60,2.99,20.9,25.3,17.39,5,3,0,0,0.9659258262890683,0.25881904510252074,6.173,2.173,20.267,6.493,1.462,19.452,3.691,2.576,25.544,3.84,16.07,13.48,7.45,11.36,13.81,4.51,15.54,12.87,4.3,1.32,-1.02,1.1198,4.4,1.32,6.03,1,-1,2.634,19.417,0.0543,0.1739,0.3069
2026-04-02 06:00:00+00:00,New York,40.7143,-74.006,6.78,11.62,61,3.72,20.9,25.6,18.36,6,3,0,0,1.0,6.123233995736766e-17,6.253,2.198,17.273,6.558,1.465,18.238,3.825,2.652,25.276,8.14,17.39,12.46,6.54,27.34,14.28,6.39,25.64,13.14,-1.36,0.97,-0.84,-0.1671,4.7,0.97,-8.98,1,-1,1.775,15.969,0.0452,0.1836,0.2339
2026-04-02 07:00:00+00:00,New York,40.7143,-74.006,13.15,11.42,65,2.83,9.4,25.7,63.42,7,3,0,1,0.9659258262890683,-0.25881904510252063,9.357,3.355,33.057,7.65,3.067,25.657,4.14,3.252,25.843,6.78,18.36,11.62,3.84,16.07,13.48,6.6,18.91,13.29,6.37,45.06,-0.2,0.9395,16.3,45.06,47.35,1,1,4.488,22.184,0.0877,0.6342,0.3654
2026-04-02 08:00:00+00:00,New York,40.7143,-74.006,11.99,11.1,59,3.06,8.5,24.4,65.16,8,3,0,1,0.8660254037844387,-0.4999999999999998,10.64,3.393,48.98,8.407,3.533,34.623,4.439,3.625,26.391,13.15,63.42,11.42,8.14,17.39,12.46,7.45,11.36,13.81,-1.16,1.74,-0.32,-0.0882,15.9,1.74,47.77,1,1,3.794,18.671,0.0799,0.6516,0.2911
2026-04-02 09:00:00+00:00,New York,40.7143,-74.006,12.57,9.79,62,2.89,9.5,24.4,61.07,9,3,0,1,0.7071067811865476,-0.7071067811865475,12.57,0.58,63.217,9.412,3.747,40.245,4.71,3.978,27.171,11.99,65.16,11.1,6.78,18.36,11.62,6.54,27.34,14.28,0.58,-4.09,-1.31,0.0484,14.9,-4.09,42.71,1,1,4.204,20.736,0.0838,0.6107,0.3348
2026-04-02 10:00:00+00:00,New York,40.7143,-74.006,5.46,9.04,57,4.43,8.6,24.7,65.18,10,3,0,0,0.49999999999999994,-0.8660254037844387,10.007,3.948,63.803,9.682,3.296,48.43,4.896,3.901,28.989,12.57,61.07,9.79,13.15,63.42,11.42,3.84,16.07,13.48,-7.11,4.11,-0.75,-0.5656,16.1,4.11,1.76,1,1,1.205,12.583,0.0364,0.6518,0.1623
2026-04-02 11:00:00+00:00,New York,40.7143,-74.006,7.27,8.49,60,4.64,9.7,25.0,61.2,11,3,0,0,0.258819045102521,-0.9659258262890682,8.433,3.695,62.483,9.537,3.395,55.732,5.158,3.838,30.956,5.46,65.18,9.04,11.99,65.16,11.1,8.14,17.39,12.46,1.81,-3.98,-0.55,0.3315,15.3,-3.98,-3.96,1,1,1.534,12.658,0.0485,0.612,0.1639
2026-04-02 12:00:00+00:00,New York,40.7143,-74.006,7.11,8.0,61,3.58,21.1,25.3,16.6,12,3,0,0,1.2246467991473532e-16,-1.0,6.613,1.002,47.66,9.592,3.344,55.438,5.412,3.752,30.895,7.27,61.2,8.49,12.57,61.07,9.79,6.78,18.36,11.62,-0.16,-44.6,-0.49,-0.022,4.2,-44.6,-44.47,1,1,1.932,16.576,0.0474,0.166,0.2468
2026-04-02 13:00:00+00:00,New York,40.7143,-74.006,6.21,7.45,56,4.63,21.8,25.1,13.15,13,3,0,0,-0.2588190451025208,-0.9659258262890683,6.863,0.571,30.317,8.435,3.055,47.06,5.629,3.634,30.505,7.11,16.6,8.0,5.46,65.18,9.04,13.15,63.42,11.42,-0.9,-3.45,-0.55,-0.1266,3.3,-3.45,-52.03,-1,-1,1.313,11.839,0.0414,0.1315,0.1465
2026-04-02 14:00:00+00:00,New York,40.7143,-74.006,6.71,7.91,59,4.5,18.5,24.7,25.1,14,3,0,0,-0.4999999999999997,-0.8660254037844388,6.677,0.451,18.283,7.555,2.543,40.383,5.867,3.503,30.868,6.21,13.15,7.45,7.27,61.2,8.49,11.99,65.16,11.1,0.5,11.95,0.46,0.0805,6.2,11.95,-36.1,-1,-1,1.459,12.826,0.0447,0.251,0.1674
2026-04-02 15:00:00+00:00,New York,40.7143,-74.006,4.37,7.84,66,5.11,20.3,24.5,17.14,15,3,0,0,-0.7071067811865471,-0.7071067811865479,5.763,1.232,18.463,6.188,1.107,33.062,6.008,3.364,30.782,6.71,25.1,7.91,7.11,16.6,8.0,12.57,61.07,9.79,-2.34,-7.96,-0.07,-0.3487,4.2,-7.96,0.54,-1,-1,0.839,12.668,0.0291,0.1714,0.1641
2026-04-02 16:00:00+00:00,New York,40.7143,-74.006,4.91,8.01,57,5.17,21.5,25.0,14.0,16,3,0,0,-0.8660254037844385,-0.5000000000000004,5.33,1.225,18.747,6.097,1.199,24.532,6.17,3.201,30.48,4.37,17.14,7.84,6.21,13.15,7.45,5.46,65.18,9.04,0.54,-3.14,0.17,0.1236,3.5,-3.14,0.85,-1,-1,0.932,10.816,0.0327,0.14,0.1249
2026-04-02 17:00:00+00:00,New York,40.7143,-74.006,9.05,9.08,62,5.78,9.3,25.5,63.53,17,3,0,1,-0.9659258262890683,-0.25881904510252063,6.11,2.56,31.557,6.393,1.673,24.92,6.328,3.248,31.426,4.91,14.0,8.01,6.71,25.1,7.91,7.27,61.2,8.49,4.14,49.53,1.07,0.8432,16.2,49.53,38.43,-1,-1,1.539,10.544,0.0603,0.6353,0.1191
2026-04-02 18:00:00+00:00,New York,40.7143,-74.006,9.05,8.68,60,5.03,10.1,24.8,59.27,18,3,0,1,-1.0,-1.8369701987210297e-16,7.67,2.39,45.6,6.717,1.996,32.032,6.663,3.085,32.105,9.05,63.53,9.08,4.37,17.14,7.84,7.11,16.6,8.0,0.0,-4.26,-0.4,0.0,14.7,-4.26,42.13,1,-1,1.764,11.696,0.0603,0.5927,0.1435
2026-04-02 19:00:00+00:00,New York,40.7143,-74.006,9.05,9.89,59,6.38,9.3,24.8,62.5,19,3,0,1,-0.9659258262890684,0.2588190451025203,9.05,0.0,61.767,7.19,2.18,40.257,6.907,3.03,33.201,9.05,59.27,8.68,4.91,14.0,8.01,6.21,13.15,7.45,0.0,3.23,1.21,0.0,15.5,3.23,48.5,1,1,1.397,9.105,0.0603,0.625,0.0887
2026-04-02 20:00:00+00:00,New York,40.7143,-74.006,5.34,10.88,60,5.41,21.7,25.3,14.23,20,3,0,0,-0.8660254037844386,0.5000000000000001,7.813,2.142,45.333,6.962,2.308,38.445,7.088,2.782,33.235,9.05,62.5,9.89,9.05,63.53,9.08,6.71,25.1,7.91,-3.71,-48.27,0.99,-0.4099,3.6,-48.27,-49.3,1,1,0.969,10.889,0.0356,0.1423,0.1264
2026-04-02 21:00:00+00:00,New York,40.7143,-74.006,3.3,10.85,62,5.33,21.3,24.9,14.46,21,3,0,0,-0.7071067811865477,0.7071067811865474,5.897,2.915,30.397,6.783,2.574,37.998,7.184,2.597,32.839,5.34,14.23,10.88,9.05,59.27,8.68,4.37,17.14,7.84,-2.04,0.23,-0.03,-0.382,3.6,0.23,-44.81,1,1,0.608,11.418,0.022,0.1446,0.1376
2026-04-02 22:00:00+00:00,New York,40.7143,-74.006,3.33,10.06,62,6.45,19.1,24.4,21.72,22,3,0,0,-0.5000000000000004,0.8660254037844384,3.99,1.169,16.803,6.52,2.868,39.285,7.047,2.712,32.848,3.3,14.46,10.85,9.05,62.5,9.89,4.91,14.0,8.01,0.03,7.26,-0.79,0.0091,5.3,7.26,-40.78,-1,-1,0.508,9.466,0.0222,0.2172,0.0963
2026-04-02 23:00:00+00:00,New York,40.7143,-74.006,4.67,11.07,65,7.0,21.9,25.4,13.78,23,3,0,0,-0.25881904510252157,0.9659258262890681,3.767,0.782,16.653,5.79,2.644,30.993,7.053,2.706,32.774,3.33,21.72,10.06,5.34,14.23,10.88,9.05,63.53,9.08,1.34,-7.94,1.01,0.4024,3.5,-7.94,-0.45,-1,-1,0.658,9.155,0.0311,0.1378,0.0897
2026-04-03 00:00:00+00:00,New York,40.7143,-74.006,4.8,10.99,69,6.06,22.1,28.1,21.35,0,4,0,0,0.0,1.0,4.267,0.814,18.95,5.082,2.112,24.673,6.987,2.742,32.595,4.67,13.78,11.07,3.3,14.46,10.85,9.05,59.27,8.68,0.13,7.57,-0.08,0.0278,6.0,7.57,6.89,-1,-1,0.779,11.201,0.032,0.2135,0.133
2026-04-03 01:00:00+00:00,New York,40.7143,-74.006,3.75,11.43,65,5.68,20.8,27.8,25.18,1,4,0,0,0.25881904510252074,0.9659258262890683,4.407,0.572,20.103,4.198,0.854,18.453,6.868,2.82,32.857,4.8,21.35,10.99,3.33,21.72,10.06,9.05,62.5,9.89,-1.05,3.83,0.44,-0.2188,7.0,3.83,3.46,-1,-1,0.649,11.246,0.025,0.2518,0.134
2026-04-03 02:00:00+00:00,New York,40.7143,-74.006,5.59,11.94,60,4.87,21.1,27.5,23.27,2,4,0,0,0.49999999999999994,0.8660254037844387,4.713,0.923,23.267,4.24,0.924,19.96,6.791,2.829,33.353,3.75,25.18,11.43,4.67,13.78,11.07,5.34,14.23,10.88,1.84,-1.91,0.51,0.4907,6.4,-1.91,9.49,-1,-1,1.125,12.072,0.0373,0.2327,0.1515
2026-04-03 03:00:00+00:00,New York,40.7143,-74.006,3.93,11.36,59,6.06,22.6,28.1,19.57,3,4,0,0,0.7071067811865476,0.7071067811865476,4.423,1.014,22.673,4.345,0.827,20.812,6.682,2.888,33.029,5.59,23.27,11.94,4.8,21.35,10.99,3.3,14.46,10.85,-1.66,-3.7,-0.58,-0.297,5.5,-3.7,-1.78,-1,-1,0.638,9.578,0.0262,0.1957,0.0987
2026-04-03 04:00:00+00:00,New York,40.7143,-74.006,4.17,11.37,71,5.25,24.2,27.7,12.64,4,4,0,0,0.8660254037844386,0.5000000000000001,4.563,0.897,18.493,4.485,0.679,19.298,6.696,2.875,32.886,3.93,19.57,11.36,3.75,25.18,11.43,3.33,21.72,10.06,0.24,-6.93,0.01,0.0611,3.5,-6.93,-12.54,1,1,0.779,13.271,0.0278,0.1264,0.1768
2026-04-03 05:00:00+00:00,New York,40.7143,-74.006,5.82,11.36,73,4.49,20.9,25.3,17.39,5,4,0,0,0.9659258262890683,0.25881904510252074,4.64,1.029,16.533,4.677,0.875,19.9,6.599,2.863,32.886,4.17,12.64,11.37,5.59,23.27,11.94,4.67,13.78,11.07,1.65,4.75,-0.01,0.3957,4.4,4.75,-5.88,1,-1,1.268,15.904,0.0388,0.1739,0.2326
2026-04-03 06:00:00+00:00,New York,40.7143,-74.006,5.82,10.34,65,4.29,18.6,25.4,26.77,6,4,0,0,1.0,6.123233995736766e-17,5.27,0.953,18.933,4.847,0.995,20.803,6.559,2.867,33.237,5.82,17.39,11.36,3.93,19.57,11.36,4.8,21.35,10.99,0.0,9.38,-1.02,0.0,6.8,9.38,7.2,1,-1,1.326,14.806,0.0388,0.2677,0.2093
2026-04-03 07:00:00+00:00,New York,40.7143,-74.006,10.91,9.67,66,6.41,15.0,25.2,40.48,7,4,0,1,0.9659258262890683,-0.25881904510252063,7.517,2.939,28.213,6.04,2.528,23.353,6.466,2.673,32.281,5.82,26.77,10.34,4.17,12.64,11.37,3.75,25.18,11.43,5.09,13.71,-0.67,0.8746,10.2,13.71,27.84,1,1,1.676,10.138,0.0727,0.4048,0.1106
2026-04-03 08:00:00+00:00,New York,40.7143,-74.006,11.67,8.76,68,5.37,14.8,25.4,41.73,8,4,0,1,0.8660254037844387,-0.4999999999999998,9.467,3.181,36.327,7.053,3.385,26.43,6.453,2.645,31.305,10.91,40.48,9.67,5.82,17.39,11.36,5.59,23.27,11.94,0.76,1.25,-0.91,0.0697,10.6,1.25,24.34,1,1,2.133,12.431,0.0778,0.4173,0.1591
2026-04-03 09:00:00+00:00,New York,40.7143,-74.006,6.96,8.34,69,5.68,13.2,25.1,47.41,9,4,0,1,0.7071067811865476,-0.7071067811865475,9.847,2.529,43.207,7.558,3.034,31.07,6.219,2.307,30.735,11.67,41.73,8.76,5.82,26.77,10.34,3.93,19.57,11.36,-4.71,5.68,-0.42,-0.4036,11.9,5.68,20.64,1,1,1.204,11.938,0.0464,0.4741,0.1486
2026-04-03 10:00:00+00:00,New York,40.7143,-74.006,22.3,7.27,70,6.42,21.0,25.1,16.33,10,4,0,0,0.49999999999999994,-0.8660254037844387,13.643,7.858,35.157,10.58,6.278,31.685,6.92,4.004,28.7,6.96,47.41,8.34,10.91,40.48,9.67,4.17,12.64,11.37,15.34,-31.08,-1.07,2.204,4.1,-31.08,-24.15,1,1,3.42,10.736,0.1487,0.1633,0.1232
2026-04-03 11:00:00+00:00,New York,40.7143,-74.006,40.31,6.73,71,6.57,18.6,25.0,25.6,11,4,0,0,0.258819045102521,-0.9659258262890682,23.19,16.693,29.78,16.328,13.115,33.053,8.297,7.907,27.217,22.3,16.33,7.27,11.67,41.73,8.76,5.82,17.39,11.36,18.01,9.27,-0.54,0.8076,6.4,9.27,-16.13,1,1,6.043,10.645,0.2687,0.256,0.1213
2026-04-03 12:00:00+00:00,New York,40.7143,-74.006,21.24,6.62,68,6.88,18.6,25.1,25.9,12,4,0,0,1.2246467991473532e-16,-1.0,27.95,10.717,22.61,18.898,12.117,32.908,8.886,8.329,27.604,40.31,25.6,6.73,6.96,47.41,8.34,5.82,26.77,10.34,-19.07,0.3,-0.11,-0.4731,6.5,0.3,-21.51,1,1,3.043,9.742,0.1416,0.259,0.1022
2026-04-03 13:00:00+00:00,New York,40.7143,-74.006,4.43,6.77,69,6.34,19.3,24.8,22.18,13,4,0,0,-0.2588190451025208,-0.9659258262890683,21.993,17.952,24.56,17.818,13.211,29.858,8.812,8.362,27.98,21.24,25.9,6.62,22.3,16.33,7.27,10.91,40.48,9.67,-16.81,-3.72,0.15,-0.7914,5.5,-3.72,5.85,1,-1,0.688,10.714,0.0295,0.2218,0.1227
2026-04-03 14:00:00+00:00,New York,40.7143,-74.006,3.26,6.03,68,7.07,19.2,24.2,20.66,14,4,0,0,-0.4999999999999997,-0.8660254037844388,9.643,10.06,22.913,16.417,14.387,26.347,8.668,8.429,27.795,4.43,22.18,6.77,40.31,25.6,6.73,11.67,41.73,8.76,-1.17,-1.52,-0.74,-0.2641,5.0,-1.52,-4.94,1,-1,0.455,9.484,0.0217,0.2066,0.0967
2026-04-03 15:00:00+00:00,New York,40.7143,-74.006,1.0,6.38,64,8.47,21.2,24.5,13.47,15,4,0,0,-0.7071067811865471,-0.7071067811865479,2.897,1.744,18.77,15.423,15.345,20.69,8.528,8.531,27.642,3.26,20.66,6.03,21.24,25.9,6.62,6.96,47.41,8.34,-2.26,-7.19,0.35,-0.6933,3.3,-7.19,-12.43,-1,-1,0.117,7.468,0.0067,0.1347,0.0541
2026-04-03 16:00:00+00:00,New York,40.7143,-74.006,1.91,6.01,69,8.63,18.5,25.4,27.17,16,4,0,0,-0.8660254037844385,-0.5000000000000004,2.057,1.137,20.433,12.025,15.769,22.497,8.402,8.608,28.191,1.0,13.47,6.38,4.43,22.18,6.77,22.3,16.33,7.27,0.91,13.7,-0.37,0.91,6.9,13.7,4.99,-1,-1,0.219,7.904,0.0127,0.2717,0.0633
2026-04-03 17:00:00+00:00,New York,40.7143,-74.006,6.11,6.16,70,9.13,14.8,25.4,41.73,17,4,0,1,-0.9659258262890683,-0.25881904510252063,3.007,2.726,27.457,6.325,7.528,25.185,8.28,8.62,27.283,1.91,27.17,6.01,3.26,20.66,6.03,40.31,25.6,6.73,4.2,14.56,0.15,2.199,10.6,14.56,21.07,-1,-1,0.662,7.584,0.0407,0.4173,0.0565
2026-04-03 18:00:00+00:00,New York,40.7143,-74.006,6.8,7.87,70,7.73,16.0,24.3,34.16,18,4,0,1,-1.0,-1.8369701987210297e-16,4.94,2.647,34.353,3.918,2.296,26.562,8.186,8.623,26.237,6.11,41.73,6.16,1.0,13.47,6.38,21.24,25.9,6.62,0.69,-7.57,1.71,0.1129,8.3,-7.57,20.69,-1,1,0.868,8.94,0.0453,0.3416,0.0852
2026-04-03 19:00:00+00:00,New York,40.7143,-74.006,7.48,8.09,66,7.94,15.1,25.0,39.6,19,4,0,1,-0.9659258262890684,0.2588190451025203,6.797,0.685,38.497,4.427,2.729,29.465,8.121,8.622,25.282,6.8,34.16,7.87,1.91,27.17,6.01,4.43,22.18,6.77,0.68,5.44,0.22,0.1,9.9,5.44,12.43,-1,1,0.93,8.209,0.0499,0.396,0.0697
2026-04-03 20:00:00+00:00,New York,40.7143,-74.006,1.0,8.91,71,7.83,21.1,25.4,16.93,20,4,0,0,-0.8660254037844386,0.5000000000000001,5.093,3.561,30.23,4.05,3.058,28.843,7.94,8.728,25.395,7.48,39.6,8.09,6.11,41.73,6.16,3.26,20.66,6.03,-6.48,-22.67,0.82,-0.8663,4.3,-22.67,-24.8,-1,1,0.126,8.953,0.0067,0.1693,0.0855
2026-04-03 21:00:00+00:00,New York,40.7143,-74.006,2.82,9.24,63,7.37,21.8,25.1,13.15,21,4,0,0,-0.7071067811865477,0.7071067811865474,3.767,3.342,23.227,4.353,2.772,28.79,7.92,8.74,25.34,1.0,16.93,8.91,6.8,34.16,7.87,1.0,13.47,6.38,1.82,-3.78,0.33,1.82,3.3,-3.78,-21.01,1,1,0.378,8.434,0.0188,0.1315,0.0745
2026-04-03 22:00:00+00:00,New York,40.7143,-74.006,2.82,12.74,58,8.38,21.1,24.7,14.57,22,4,0,0,-0.5000000000000004,0.8660254037844384,2.213,1.051,14.883,4.505,2.633,26.69,7.899,8.752,25.042,2.82,13.15,9.24,7.48,39.6,8.09,1.91,27.17,6.01,0.0,1.42,3.5,0.0,3.6,1.42,-25.03,1,-1,0.333,6.84,0.0188,0.1457,0.0408
2026-04-03 23:00:00+00:00,New York,40.7143,-74.006,2.92,14.14,53,9.07,20.5,24.4,15.98,23,4,0,0,-0.25881904510252157,0.9659258262890681,2.853,0.058,14.567,3.973,2.565,22.398,7.826,8.787,25.134,2.82,14.57,12.74,1.0,16.93,8.91,6.11,41.73,6.16,0.1,1.41,1.4,0.0355,3.9,1.41,-0.95,-1,-1,0.318,5.78,0.0195,0.1598,0.0183
2026-04-04 00:00:00+00:00,New York,40.7143,-74.006,1.45,13.79,59,7.97,23.2,28.4,18.31,0,5,1,0,0.0,1.0,2.397,0.821,16.287,3.082,2.302,19.757,7.686,8.864,25.007,2.92,15.98,14.14,2.82,13.15,9.24,6.8,34.16,7.87,-1.47,2.33,-0.35,-0.5034,5.2,2.33,5.16,-1,-1,0.18,7.311,0.0097,0.1831,0.0507
2026-04-04 01:00:00+00:00,New York,40.7143,-74.006,1.01,14.14,52,7.44,22.2,27.7,19.86,1,5,1,0,0.25881904510252074,0.9659258262890683,1.793,1.0,18.05,2.003,0.946,16.467,7.572,8.934,24.786,1.45,18.31,13.79,2.82,14.57,12.74,7.48,39.6,8.09,-0.44,1.55,0.35,-0.3034,5.5,1.55,5.29,-1,-1,0.134,6.897,0.0067,0.1986,0.042
2026-04-04 02:00:00+00:00,New York,40.7143,-74.006,6.49,13.95,53,6.22,24.1,27.3,11.72,2,5,1,0,0.49999999999999994,0.8660254037844387,2.983,3.045,16.63,2.918,1.927,15.598,7.61,8.927,24.305,1.01,19.86,14.14,2.92,15.98,14.14,1.0,16.93,8.91,5.48,-8.14,-0.19,5.4257,3.2,-8.14,-4.26,-1,-1,1.027,8.386,0.0433,0.1172,0.0735
2026-04-04 03:00:00+00:00,New York,40.7143,-74.006,2.76,14.66,55,7.52,23.6,27.6,14.49,3,5,1,0,0.7071067811865476,0.7071067811865476,3.42,2.799,15.357,2.908,1.928,15.822,7.561,8.951,24.093,6.49,11.72,13.95,1.45,18.31,13.79,2.82,13.15,9.24,-3.73,2.77,0.71,-0.5747,4.0,2.77,-3.82,-1,-1,0.362,7.218,0.0184,0.1449,0.0488
2026-04-04 04:00:00+00:00,New York,40.7143,-74.006,4.36,13.03,58,5.26,23.9,27.8,14.03,4,5,1,0,0.8660254037844386,0.5000000000000001,4.537,1.871,13.413,3.165,2.015,15.732,7.569,8.948,24.151,2.76,14.49,14.66,1.01,19.86,14.14,2.82,14.57,12.74,1.6,-0.46,-1.63,0.5797,3.9,-0.46,-5.83,1,-1,0.813,10.821,0.0291,0.1403,0.125
2026-04-04 05:00:00+00:00,New York,40.7143,-74.006,5.23,13.92,51,6.05,22.4,25.1,10.76,5,5,1,0,0.9659258262890683,0.25881904510252074,4.117,1.253,13.093,3.55,2.173,14.862,7.544,8.954,23.875,4.36,14.03,13.03,6.49,11.72,13.95,2.92,15.98,14.14,0.87,-3.27,0.89,0.1995,2.7,-3.27,-0.96,1,-1,0.85,8.293,0.0349,0.1076,0.0715
2026-04-04 06:00:00+00:00,New York,40.7143,-74.006,3.26,13.05,56,5.6,19.7,24.9,20.88,6,5,1,0,1.0,6.123233995736766e-17,4.283,0.987,15.223,3.852,1.936,15.29,7.438,8.991,23.629,5.23,10.76,13.92,2.76,14.49,14.66,1.45,18.31,13.79,-1.97,10.12,-0.87,-0.3767,5.2,10.12,6.39,1,-1,0.572,9.825,0.0217,0.2088,0.1039
2026-04-04 07:00:00+00:00,New York,40.7143,-74.006,9.72,11.95,54,6.42,14.1,25.3,44.27,7,5,1,1,0.9659258262890683,-0.25881904510252063,6.07,3.311,25.303,5.303,2.548,19.358,7.388,8.974,23.787,3.26,20.88,13.05,4.36,14.03,13.03,1.01,19.86,14.14,6.46,23.39,-1.1,1.9816,11.2,23.39,30.24,1,1,1.491,8.282,0.0648,0.4427,0.0713
2026-04-04 08:00:00+00:00,New York,40.7143,-74.006,17.85,11.6,58,6.66,12.5,25.1,50.2,8,5,1,1,0.8660254037844387,-0.4999999999999998,10.277,7.311,38.45,7.197,5.779,25.772,7.645,9.188,24.14,9.72,44.27,11.95,5.23,10.76,13.92,6.49,11.72,13.95,8.13,5.93,-0.35,0.8364,12.6,5.93,39.44,1,1,2.641,8.58,0.119,0.502,0.0776
2026-04-04 09:00:00+00:00,New York,40.7143,-74.006,25.56,10.12,55,6.78,11.8,25.2,53.17,9,5,1,1,0.7071067811865476,-0.7071067811865475,17.71,7.921,49.213,10.997,8.92,32.218,8.42,9.886,24.38,17.85,50.2,11.6,3.26,20.88,13.05,2.76,14.49,14.66,7.71,2.97,-1.48,0.4319,13.4,2.97,32.29,1,1,3.715,7.994,0.1704,0.5317,0.0652
2026-04-04 10:00:00+00:00,New York,40.7143,-74.006,31.42,9.94,56,7.94,21.1,25.5,17.25,10,5,1,0,0.49999999999999994,-0.8660254037844387,24.943,6.806,40.207,15.507,11.392,32.755,8.8,10.593,24.418,25.56,53.17,10.12,9.72,44.27,11.95,4.36,14.03,13.03,5.86,-35.92,-0.18,0.2293,4.4,-35.92,-27.02,1,1,3.908,6.965,0.2095,0.1725,0.0434
2026-04-04 11:00:00+00:00,New York,40.7143,-74.006,22.75,9.53,57,6.58,23.3,25.4,8.27,11,5,1,0,0.258819045102521,-0.9659258262890682,26.577,4.424,26.23,18.427,10.436,32.34,8.069,8.771,23.696,31.42,17.25,9.94,17.85,50.2,11.6,5.23,10.76,13.92,-8.67,-8.98,-0.41,-0.2759,2.1,-8.98,-41.93,1,1,3.406,8.533,0.1517,0.0827,0.0766
2026-04-04 12:00:00+00:00,New York,40.7143,-74.006,4.79,8.42,59,6.65,21.9,24.8,11.69,12,5,1,0,1.2246467991473532e-16,-1.0,19.653,13.582,12.403,18.682,10.001,30.808,7.383,8.329,23.104,22.75,8.27,9.53,25.56,53.17,10.12,3.26,20.88,13.05,-17.96,3.42,-1.11,-0.7895,2.9,3.42,-41.48,1,-1,0.71,8.741,0.0319,0.1169,0.081
2026-04-04 13:00:00+00:00,New York,40.7143,-74.006,2.68,8.78,63,6.98,19.2,24.9,22.89,13,5,1,0,-0.2588190451025208,-0.9659258262890683,10.073,11.029,14.283,17.508,11.555,27.245,7.31,8.363,23.134,4.79,11.69,8.42,31.42,17.25,9.94,9.72,44.27,11.95,-2.11,11.2,0.36,-0.4405,5.7,11.2,5.64,1,-1,0.379,8.898,0.0179,0.2289,0.0843
2026-04-04 14:00:00+00:00,New York,40.7143,-74.006,1.1,8.0,58,9.01,23.0,24.7,6.88,14,5,1,0,-0.4999999999999997,-0.8660254037844388,2.857,1.851,13.82,14.717,13.341,20.025,7.22,8.42,22.56,2.68,22.89,8.78,22.75,8.27,9.53,17.85,50.2,11.6,-1.58,-16.01,-0.78,-0.5896,1.7,-16.01,-1.39,-1,-1,0.121,6.367,0.0073,0.0688,0.0308
2026-04-04 15:00:00+00:00,New York,40.7143,-74.006,1.0,8.45,63,8.73,20.8,25.5,18.43,15,5,1,0,-0.7071067811865471,-0.7071067811865479,1.593,0.942,16.067,10.623,13.115,14.235,7.22,8.42,22.766,1.1,6.88,8.0,4.79,11.69,8.42,25.56,53.17,10.12,-0.1,11.55,0.45,-0.0909,4.7,11.55,6.74,-1,-1,0.113,7.135,0.0067,0.1843,0.047
2026-04-04 16:00:00+00:00,New York,40.7143,-74.006,1.0,9.23,64,9.26,22.1,25.1,11.95,16,5,1,0,-0.8660254037844385,-0.5000000000000004,1.033,0.058,12.42,5.553,8.554,13.352,7.183,8.447,22.132,1.0,18.43,8.45,2.68,22.89,8.78,31.42,17.25,9.94,0.0,-6.48,0.78,0.0,3.0,-6.48,-10.94,-1,-1,0.107,6.838,0.0067,0.1195,0.0407
2026-04-04 17:00:00+00:00,New York,40.7143,-74.006,8.46,8.99,61,8.49,10.8,25.4,57.48,17,5,1,1,-0.9659258262890683,-0.25881904510252063,3.487,4.307,29.287,3.172,2.985,21.553,7.28,8.448,22.788,1.0,11.95,9.23,1.1,6.88,8.0,22.75,8.27,9.53,7.46,45.53,-0.24,7.46,14.6,45.53,50.6,-1,1,0.985,7.101,0.0564,0.5748,0.0463
2026-04-04 18:00:00+00:00,New York,40.7143,-74.006,6.05,9.42,58,9.47,13.5,25.4,46.85,18,5,1,1,-1.0,-1.8369701987210297e-16,5.17,3.807,38.76,3.382,3.161,27.413,7.249,8.451,23.317,8.46,57.48,8.99,1.0,18.43,8.45,4.79,11.69,8.42,-2.41,-10.63,0.43,-0.2849,11.9,-10.63,28.42,-1,1,0.632,6.061,0.0403,0.4685,0.0243
2026-04-04 19:00:00+00:00,New York,40.7143,-74.006,7.52,10.0,57,8.56,10.2,24.8,58.87,19,5,1,1,-0.9659258262890684,0.2588190451025203,7.343,1.215,54.4,4.188,3.541,33.41,7.251,8.451,24.12,6.05,46.85,9.42,1.0,11.95,9.23,2.68,22.89,8.78,1.47,12.02,0.58,0.243,14.6,12.02,46.92,-1,1,0.868,6.582,0.0501,0.5887,0.0353
2026-04-04 20:00:00+00:00,New York,40.7143,-74.006,1.0,11.59,54,8.48,22.7,25.5,10.98,20,5,1,0,-0.8660254037844386,0.5000000000000001,4.857,3.42,38.9,4.172,3.558,34.093,7.251,8.451,23.872,7.52,58.87,10.0,8.46,57.48,8.99,1.1,6.88,8.0,-6.52,-47.89,1.59,-0.867,2.8,-47.89,-46.5,1,1,0.117,6.294,0.0067,0.1098,0.0292
2026-04-04 21:00:00+00:00,New York,40.7143,-74.006,1.3,12.42,50,8.82,21.6,24.1,10.37,21,5,1,0,-0.7071067811865477,0.7071067811865474,3.273,3.681,26.74,4.222,3.507,32.75,7.188,8.492,23.756,1.0,10.98,11.59,6.05,46.85,9.42,1.0,18.43,8.45,0.3,-0.61,0.83,0.3,2.5,-0.61,-36.48,1,1,0.146,5.605,0.0087,0.1037,0.0146
2026-04-04 22:00:00+00:00,New York,40.7143,-74.006,6.81,11.63,59,6.7,20.0,24.2,17.36,22,5,1,0,-0.5000000000000004,0.8660254037844384,3.037,3.271,12.903,5.19,3.23,33.652,7.354,8.441,23.873,1.3,10.37,12.42,7.52,58.87,10.0,1.0,11.95,9.23,5.51,6.99,-0.79,4.2385,4.2,6.99,-41.51,1,1,1.001,8.676,0.0454,0.1736,0.0796
2026-04-04 23:00:00+00:00,New York,40.7143,-74.006,7.05,11.29,90,6.54,21.5,24.9,13.65,23,5,1,0,-0.25881904510252157,0.9659258262890681,5.053,3.253,13.793,4.955,2.987,26.347,7.526,8.389,23.775,6.81,17.36,11.63,1.0,10.98,11.59,8.46,57.48,8.99,0.24,-3.71,-0.34,0.0352,3.4,-3.71,2.67,1,-1,1.062,13.554,0.047,0.1365,0.1828
2026-04-05 00:00:00+00:00,New York,40.7143,-74.006,7.61,12.42,90,5.88,23.7,27.4,13.5,0,6,1,0,0.0,1.0,7.157,0.411,14.837,5.215,3.164,20.788,7.782,8.288,23.575,7.05,13.65,11.29,1.3,10.37,12.42,6.05,46.85,9.42,0.56,-0.15,1.13,0.0794,3.7,-0.15,3.13,1,-1,1.273,15.05,0.0507,0.135,0.2145
2026-04-05 01:00:00+00:00,New York,40.7143,-74.006,7.61,12.87,90,6.09,21.7,27.4,20.8,1,6,1,0,0.25881904510252074,0.9659258262890683,7.423,0.323,15.983,5.23,3.177,14.443,8.058,8.163,23.614,7.61,13.5,12.42,6.81,17.36,11.63,7.52,58.87,10.0,0.0,7.3,0.45,0.0,5.7,7.3,3.44,1,-1,1.229,14.54,0.0507,0.208,0.2037
2026-04-05 02:00:00+00:00,New York,40.7143,-74.006,7.61,12.32,90,5.7,22.4,28.0,20.0,2,6,1,0,0.49999999999999994,0.8660254037844387,7.61,0.0,18.1,6.332,2.489,15.947,8.104,8.156,23.959,7.61,20.8,12.87,7.05,13.65,11.29,1.0,10.98,11.59,0.0,-0.8,-0.55,0.0,5.6,-0.8,6.35,1,-1,1.312,15.517,0.0507,0.2,0.2244
2026-04-05 03:00:00+00:00,New York,40.7143,-74.006,7.75,12.75,90,5.48,21.7,27.6,21.38,3,6,1,0,0.7071067811865476,0.7071067811865476,7.657,0.081,20.727,7.407,0.381,17.782,8.312,8.077,24.246,7.61,20.0,12.32,7.61,13.5,12.42,1.3,10.37,12.42,0.14,1.38,0.43,0.0184,5.9,1.38,7.88,1,-1,1.389,16.129,0.0517,0.2138,0.2373
2026-04-05 04:00:00+00:00,New York,40.7143,-74.006,11.03,12.93,90,4.13,24.6,27.8,11.51,4,6,1,0,0.8660254037844386,0.5000000000000001,8.797,1.935,17.63,8.11,1.451,16.807,8.59,8.05,24.141,7.75,21.38,12.75,7.61,20.8,12.87,6.81,17.36,11.63,3.28,-9.87,0.18,0.4232,3.2,-9.87,-9.29,1,1,2.608,21.277,0.0735,0.1151,0.3462
2026-04-05 05:00:00+00:00,New York,40.7143,-74.006,9.4,12.15,90,4.88,22.0,25.3,13.04,5,6,1,0,0.9659258262890683,0.25881904510252074,9.393,1.64,15.31,8.502,1.425,16.705,8.764,8.02,24.236,11.03,11.51,12.93,7.61,20.0,12.32,7.05,13.65,11.29,-1.63,1.53,-0.78,-0.1478,3.3,1.53,-6.96,1,1,1.888,18.072,0.0627,0.1304,0.2784
2026-04-05 06:00:00+00:00,New York,40.7143,-74.006,8.0,11.13,90,5.25,21.2,24.7,14.17,6,6,1,0,1.0,6.123233995736766e-17,9.477,1.516,12.907,8.567,1.384,16.817,8.961,7.936,23.957,9.4,13.04,12.15,7.75,21.38,12.75,7.61,13.5,12.42,-1.4,1.13,-1.02,-0.1489,3.5,1.13,-7.21,1,-1,1.495,16.822,0.0533,0.1417,0.252
2026-04-05 07:00:00+00:00,New York,40.7143,-74.006,14.45,10.03,90,4.92,15.3,24.5,37.55,7,6,1,1,0.9659258262890683,-0.25881904510252063,10.617,3.393,21.587,9.707,2.664,19.608,9.158,8.014,23.677,8.0,14.17,11.13,11.03,11.51,12.93,7.61,20.8,12.87,6.45,23.38,-1.1,0.8062,9.2,23.38,26.04,1,1,2.878,17.928,0.0963,0.3755,0.2754
2026-04-05 08:00:00+00:00,New York,40.7143,-74.006,12.92,9.93,90,5.19,13.8,24.9,44.58,8,6,1,1,0.8660254037844387,-0.4999999999999998,11.79,3.37,32.1,10.592,2.71,23.705,8.953,7.843,23.442,14.45,37.55,10.03,9.4,13.04,12.15,7.61,20.0,12.32,-1.53,7.03,-0.1,-0.1059,11.1,7.03,31.54,1,1,2.442,17.013,0.0861,0.4458,0.256
2026-04-05 09:00:00+00:00,New York,40.7143,-74.006,16.58,10.01,90,3.99,13.5,25.3,46.64,9,6,1,1,0.7071067811865476,-0.7071067811865475,14.65,1.838,42.923,12.063,3.209,27.915,8.579,7.204,23.17,12.92,44.58,9.93,8.0,14.17,11.13,7.75,21.38,12.75,3.66,2.06,0.08,0.2833,11.8,2.06,32.47,1,1,4.054,22.005,0.1105,0.4664,0.3616
2026-04-05 10:00:00+00:00,New York,40.7143,-74.006,7.6,8.45,90,4.35,21.3,24.7,13.77,10,6,1,0,0.49999999999999994,-0.8660254037844387,12.367,4.515,34.997,11.492,3.699,28.292,7.586,5.314,23.025,16.58,46.64,10.01,14.45,37.55,10.03,11.03,11.51,12.93,-8.98,-32.87,-1.56,-0.5416,3.4,-32.87,-23.78,1,1,1.708,20.225,0.0507,0.1377,0.324
2026-04-05 11:00:00+00:00,New York,40.7143,-74.006,8.78,7.48,90,5.22,22.5,24.8,9.27,11,6,1,0,0.258819045102521,-0.9659258262890682,10.987,4.88,23.227,11.388,3.776,27.663,7.004,4.236,23.067,7.6,13.77,8.45,12.92,44.58,9.93,9.4,13.04,12.15,1.18,-4.5,-0.97,0.1553,2.3,-4.5,-35.31,1,1,1.65,16.917,0.0585,0.0927,0.254
2026-04-05 12:00:00+00:00,New York,40.7143,-74.006,8.86,7.57,90,5.04,21.0,24.2,13.22,12,6,1,0,1.2246467991473532e-16,-1.0,8.413,0.706,12.087,11.532,3.636,27.505,7.174,4.225,23.131,8.78,9.27,7.48,16.58,46.64,10.01,8.0,14.17,11.13,0.08,3.95,0.09,0.0091,3.2,3.95,-33.42,-1,-1,1.724,17.51,0.0591,0.1322,0.2665
2026-04-05 13:00:00+00:00,New York,40.7143,-74.006,6.47,6.75,65,6.76,20.9,24.5,14.69,13,6,1,0,-0.2588190451025208,-0.9659258262890683,8.037,1.357,12.393,10.202,3.81,23.695,7.332,4.119,22.789,8.86,13.22,7.57,7.6,13.77,8.45,14.45,37.55,10.03,-2.39,1.47,-0.82,-0.2698,3.6,1.47,0.92,-1,-1,0.943,9.475,0.0431,0.1469,0.0965
2026-04-05 14:00:00+00:00,New York,40.7143,-74.006,6.72,6.7,62,6.75,21.8,24.8,12.1,14,6,1,0,-0.4999999999999997,-0.8660254037844388,7.35,1.314,13.337,9.168,3.766,18.282,7.566,3.904,23.007,6.47,14.69,6.75,8.78,9.27,7.48,12.92,44.58,9.93,0.25,-2.59,-0.05,0.0386,3.0,-2.59,2.83,-1,-1,0.981,9.051,0.0448,0.121,0.0876
2026-04-05 15:00:00+00:00,New York,40.7143,-74.006,6.72,7.42,68,5.92,21.0,25.1,16.33,15,6,1,0,-0.7071067811865471,-0.7071067811865479,6.637,0.144,14.373,7.525,1.074,13.23,7.804,3.652,22.919,6.72,12.1,6.7,8.86,13.22,7.57,16.58,46.64,10.01,0.0,4.23,0.72,0.0,4.1,4.23,3.11,-1,-1,1.116,11.296,0.0448,0.1633,0.135
2026-04-05 16:00:00+00:00,New York,40.7143,-74.006,9.63,7.78,63,6.74,22.7,25.1,9.56,16,6,1,0,-0.8660254037844385,-0.5000000000000004,7.69,1.68,12.663,7.863,1.379,12.528,8.164,3.367,22.82,6.72,16.33,7.42,6.47,14.69,6.75,7.6,13.77,8.45,2.91,-6.77,0.36,0.433,2.4,-6.77,-5.13,-1,-1,1.408,9.211,0.0642,0.0956,0.0909
2026-04-05 17:00:00+00:00,New York,40.7143,-74.006,10.99,7.58,67,6.53,13.9,25.1,44.62,17,6,1,1,-0.9659258262890683,-0.25881904510252063,9.113,2.181,23.503,8.232,1.878,18.42,8.269,3.416,22.284,9.63,9.56,7.78,6.72,12.1,6.7,8.78,9.27,7.48,1.36,35.06,-0.2,0.1412,11.2,35.06,32.52,-1,1,1.658,10.106,0.0733,0.4462,0.1099
2026-04-05 18:00:00+00:00,New York,40.7143,-74.006,12.33,8.59,66,7.17,13.5,24.9,45.78,18,6,1,1,-1.0,-1.8369701987210297e-16,10.983,1.35,33.32,8.81,2.531,23.847,8.531,3.478,22.239,10.99,44.62,7.58,6.72,16.33,7.42,8.86,13.22,7.57,1.34,1.16,1.01,0.1219,11.4,1.16,29.45,1,1,1.696,9.078,0.0822,0.4578,0.0881
2026-04-05 19:00:00+00:00,New York,40.7143,-74.006,12.33,8.68,59,6.48,12.0,24.7,51.42,19,6,1,1,-0.9659258262890684,0.2588190451025203,11.883,0.774,47.273,9.787,2.578,29.968,8.731,3.555,21.929,12.33,45.78,8.59,9.63,9.56,7.78,6.47,14.69,6.75,0.0,5.64,0.09,0.0,12.7,5.64,41.86,1,1,1.874,8.967,0.0822,0.5142,0.0858
2026-04-05 20:00:00+00:00,New York,40.7143,-74.006,6.62,10.22,56,6.83,20.5,25.3,18.97,20,6,1,0,-0.8660254037844386,0.5000000000000001,10.427,3.297,38.723,9.77,2.602,31.113,8.965,3.19,22.262,12.33,51.42,8.68,10.99,44.62,7.58,6.72,12.1,6.7,-5.71,-32.45,1.54,-0.4631,4.8,-32.45,-25.65,1,1,0.955,8.081,0.0441,0.1897,0.067
2026-04-05 21:00:00+00:00,New York,40.7143,-74.006,7.55,10.55,59,6.08,22.0,24.9,11.65,21,6,1,0,-0.7071067811865477,0.7071067811865474,8.833,3.064,27.347,9.908,2.423,30.333,9.226,2.764,22.315,6.62,18.97,10.22,12.33,45.78,8.59,6.72,16.33,7.42,0.93,-7.32,0.33,0.1405,2.9,-7.32,-34.13,1,1,1.222,9.547,0.0503,0.1165,0.098
2026-04-05 22:00:00+00:00,New York,40.7143,-74.006,7.57,10.35,56,8.35,22.3,25.2,11.51,22,6,1,0,-0.5000000000000004,0.8660254037844384,7.247,0.543,14.043,9.565,2.609,30.658,9.258,2.739,22.071,7.55,11.65,10.55,12.33,51.42,8.68,9.63,9.56,7.78,0.02,-0.14,-0.2,0.0026,2.9,-0.14,-39.91,-1,1,0.896,6.627,0.0505,0.1151,0.0363
2026-04-05 23:00:00+00:00,New York,40.7143,-74.006,7.48,10.68,63,7.7,21.8,24.7,11.74,23,6,1,0,-0.25881904510252157,0.9659258262890681,7.533,0.047,11.633,8.98,2.619,25.178,9.275,2.725,21.992,7.57,11.51,10.35,6.62,18.97,10.22,10.99,44.62,7.58,-0.09,0.23,0.33,-0.0119,2.9,0.23,-7.23,-1,-1,0.959,8.077,0.0499,0.1174,0.0669
2026-04-06 00:00:00+00:00,New York,40.7143,-74.006,6.19,10.59,60,7.61,22.8,27.4,16.79,0,0,0,0,0.0,1.0,7.08,0.772,13.347,7.957,2.217,20.347,9.216,2.778,22.129,7.48,11.74,10.68,7.55,11.65,10.55,12.33,45.78,8.59,-1.29,5.05,-0.09,-0.1725,4.6,5.05,5.14,-1,-1,0.803,7.782,0.0413,0.1679,0.0607
2026-04-06 01:00:00+00:00,New York,40.7143,-74.006,8.31,12.22,66,7.12,20.0,27.8,28.06,1,0,0,0,0.25881904510252074,0.9659258262890683,7.327,1.068,18.863,7.287,0.759,16.453,9.245,2.764,22.431,6.19,16.79,10.59,7.57,11.51,10.35,12.33,51.42,8.68,2.12,11.27,1.63,0.3425,7.8,11.27,16.55,-1,-1,1.151,9.141,0.0554,0.2806,0.0895
2026-04-06 02:00:00+00:00,New York,40.7143,-74.006,6.61,11.49,61,7.73,20.8,27.7,24.91,2,0,0,0,0.49999999999999994,0.8660254037844387,7.037,1.123,23.253,7.285,0.761,17.443,9.204,2.797,22.636,8.31,28.06,12.22,7.48,11.74,10.68,6.62,18.97,10.22,-1.7,-3.15,-0.73,-0.2046,6.9,-3.15,13.17,-1,-1,0.844,7.791,0.0441,0.2491,0.0609
2026-04-06 03:00:00+00:00,New York,40.7143,-74.006,8.3,11.33,58,6.9,21.4,27.1,21.03,3,0,0,0,0.7071067811865476,0.7071067811865476,7.74,0.979,24.667,7.41,0.867,19.007,9.227,2.787,22.621,6.61,24.91,11.49,6.19,16.79,10.59,7.55,11.65,10.55,1.69,-3.88,-0.16,0.2557,5.7,-3.88,4.24,-1,-1,1.186,8.286,0.0553,0.2103,0.0714
2026-04-06 04:00:00+00:00,New York,40.7143,-74.006,9.58,12.05,92,6.31,23.4,26.5,11.7,4,0,0,0,0.8660254037844386,0.5000000000000001,8.163,1.49,19.213,7.745,1.247,19.038,9.166,2.762,22.629,8.3,21.03,11.33,8.31,28.06,12.22,7.57,11.51,10.35,1.28,-9.33,0.72,0.1542,3.1,-9.33,-16.36,1,1,1.495,14.353,0.0639,0.117,0.1997
2026-04-06 05:00:00+00:00,New York,40.7143,-74.006,7.47,10.26,92,6.31,21.6,24.7,12.55,5,0,0,0,0.9659258262890683,0.25881904510252074,8.45,1.063,15.093,7.743,1.247,19.173,9.086,2.783,22.609,9.58,11.7,12.05,6.61,24.91,11.49,7.48,11.74,10.68,-2.11,0.85,-1.79,-0.2203,3.1,0.85,-12.36,1,1,1.165,14.353,0.0498,0.1255,0.1997
2026-04-06 06:00:00+00:00,New York,40.7143,-74.006,5.61,10.3,92,7.01,21.2,24.7,14.17,6,0,0,0,1.0,6.123233995736766e-17,7.553,1.986,12.807,7.647,1.404,18.737,8.986,2.865,22.609,7.47,12.55,10.26,8.3,21.03,11.33,6.19,16.79,10.59,-1.86,1.62,0.04,-0.249,3.5,1.62,-6.86,1,-1,0.789,12.94,0.0374,0.1417,0.1698
2026-04-06 07:00:00+00:00,New York,40.7143,-74.006,13.96,9.5,92,6.23,14.1,25.1,43.82,7,0,0,1,0.9659258262890683,-0.25881904510252063,9.013,4.384,23.513,8.588,2.965,21.363,8.966,2.826,22.87,5.61,14.17,10.3,9.58,11.7,12.05,8.31,28.06,12.22,8.35,29.65,-0.8,1.4884,11.0,29.65,32.12,1,1,2.205,14.534,0.0931,0.4382,0.2036
2026-04-06 08:00:00+00:00,New York,40.7143,-74.006,11.69,8.34,92,6.61,12.8,24.7,48.18,8,0,0,1,0.8660254037844387,-0.4999999999999998,10.42,4.317,35.39,9.435,3.012,25.242,8.915,2.761,23.02,13.96,43.82,9.5,7.47,12.55,10.26,6.61,24.91,11.49,-2.27,4.36,-1.16,-0.1626,11.9,4.36,35.63,1,1,1.742,13.711,0.0779,0.4818,0.1862
2026-04-06 09:00:00+00:00,New York,40.7143,-74.006,13.41,7.59,92,6.43,10.4,24.5,57.55,9,0,0,1,0.7071067811865476,-0.7071067811865475,13.02,1.184,49.85,10.287,3.332,31.328,8.782,2.435,23.475,11.69,48.18,8.34,5.61,14.17,10.3,8.3,21.03,11.33,1.72,9.37,-0.75,0.1471,14.1,9.37,43.38,1,1,2.054,14.089,0.0894,0.5755,0.1941
2026-04-06 10:00:00+00:00,New York,40.7143,-74.006,7.66,7.32,92,7.88,21.1,25.2,16.27,10,0,0,0,0.49999999999999994,-0.8660254037844387,10.92,2.951,40.667,9.967,3.502,32.09,8.785,2.434,23.579,13.41,57.55,7.59,13.96,43.82,9.5,9.58,11.7,12.05,-5.75,-41.28,-0.27,-0.4288,4.1,-41.28,-27.55,1,1,0.96,11.529,0.0511,0.1627,0.14
2026-04-06 11:00:00+00:00,New York,40.7143,-74.006,7.55,6.13,92,7.6,21.2,25.3,16.21,11,0,0,0,0.258819045102521,-0.9659258262890682,9.54,3.352,30.01,9.98,3.49,32.7,8.734,2.447,23.868,7.66,16.27,7.32,11.69,48.18,8.34,7.47,12.55,10.26,-0.11,-0.06,-1.19,-0.0144,4.1,-0.06,-31.97,1,1,0.981,11.948,0.0503,0.1621,0.1489
2026-04-06 12:00:00+00:00,New York,40.7143,-74.006,5.05,6.26,92,8.3,22.4,25.7,12.84,12,0,0,0,1.2246467991473532e-16,-1.0,6.753,1.476,15.107,9.887,3.635,32.478,8.575,2.559,23.852,7.55,16.21,6.13,13.41,57.55,7.59,5.61,14.17,10.3,-2.5,-3.37,0.13,-0.3311,3.3,-3.37,-44.71,-1,1,0.601,10.952,0.0337,0.1284,0.1278
2026-04-06 13:00:00+00:00,New York,40.7143,-74.006,5.7,5.28,92,8.52,20.6,25.0,17.6,13,0,0,0,-0.2588190451025208,-0.9659258262890683,6.1,1.297,15.55,8.51,3.336,28.108,8.543,2.591,23.973,5.05,12.84,6.26,7.66,16.27,7.32,13.96,43.82,9.5,0.65,4.76,-0.98,0.1287,4.4,4.76,1.33,-1,-1,0.661,10.673,0.038,0.176,0.1219
2026-04-06 14:00:00+00:00,New York,40.7143,-74.006,6.82,6.04,62,7.22,18.8,25.4,25.98,14,0,0,0,-0.4999999999999997,-0.8660254037844388,5.857,0.895,18.807,7.698,2.981,24.408,8.547,2.588,24.552,5.7,17.6,5.28,7.55,16.21,6.13,11.69,48.18,8.34,1.12,8.38,0.76,0.1965,6.6,8.38,9.77,-1,-1,0.932,8.47,0.0455,0.2598,0.0753
2026-04-06 15:00:00+00:00,New York,40.7143,-74.006,5.13,6.05,63,9.14,18.9,24.6,23.17,15,0,0,0,-0.7071067811865471,-0.7071067811865479,5.883,0.86,22.25,6.318,1.181,18.678,8.481,2.657,24.837,6.82,25.98,6.04,5.05,12.84,6.26,13.41,57.55,7.59,-1.69,-2.81,0.01,-0.2478,5.7,-2.81,10.33,-1,-1,0.555,6.818,0.0342,0.2317,0.0403
2026-04-06 16:00:00+00:00,New York,40.7143,-74.006,4.06,6.25,65,9.33,19.9,25.0,20.4,16,0,0,0,-0.8660254037844385,-0.5000000000000004,5.337,1.392,23.183,5.718,1.274,19.367,8.249,2.792,25.288,5.13,23.17,6.05,5.7,17.6,5.28,7.66,16.27,7.32,-1.07,-2.77,0.2,-0.2086,5.1,-2.77,2.8,-1,-1,0.431,6.893,0.0271,0.204,0.0419
2026-04-06 17:00:00+00:00,New York,40.7143,-74.006,9.19,6.05,62,9.44,11.6,25.1,53.78,17,0,0,1,-0.9659258262890683,-0.25881904510252063,6.127,2.706,32.45,5.992,1.809,25.628,8.174,2.739,25.67,4.06,20.4,6.25,6.82,25.98,6.04,7.55,16.21,6.13,5.13,33.38,-0.2,1.2635,13.5,33.38,27.8,-1,1,0.963,6.499,0.0613,0.5378,0.0336
2026-04-06 18:00:00+00:00,New York,40.7143,-74.006,10.46,7.06,56,8.59,13.3,25.1,47.01,18,0,0,1,-1.0,-1.8369701987210297e-16,7.903,3.388,40.397,6.893,2.472,31.323,8.096,2.64,25.721,9.19,53.78,6.05,5.13,23.17,6.05,5.05,12.84,6.26,1.27,-6.77,1.01,0.1382,11.8,-6.77,23.84,1,1,1.204,6.444,0.0697,0.4701,0.0324
2026-04-06 19:00:00+00:00,New York,40.7143,-74.006,12.48,7.39,61,7.82,11.6,24.8,53.23,19,0,0,1,-0.9659258262890684,0.2588190451025203,10.71,1.659,51.34,8.023,3.246,37.262,8.102,2.651,25.797,10.46,47.01,7.06,4.06,20.4,6.25,5.7,17.6,5.28,2.02,6.22,0.33,0.1931,13.2,6.22,32.83,1,1,1.576,7.702,0.0832,0.5323,0.059
2026-04-06 20:00:00+00:00,New York,40.7143,-74.006,5.94,9.23,63,8.82,22.0,24.4,9.84,20,0,0,0,-0.8660254037844386,0.5000000000000001,9.627,3.349,36.693,7.877,3.33,34.572,8.074,2.671,25.416,12.48,53.23,7.39,9.19,53.78,6.05,6.82,25.98,6.04,-6.54,-43.39,1.84,-0.524,2.4,-43.39,-43.94,1,1,0.666,7.063,0.0396,0.0984,0.0455
2026-04-06 21:00:00+00:00,New York,40.7143,-74.006,7.03,9.04,65,8.11,19.1,24.8,22.98,21,0,0,0,-0.7071067811865477,0.7071067811865474,8.483,3.504,28.683,8.193,3.099,34.54,8.052,2.677,25.888,5.94,9.84,9.23,10.46,47.01,7.06,5.13,23.17,6.05,1.09,13.14,-0.19,0.1835,5.7,13.14,-24.03,1,1,0.856,7.917,0.0469,0.2298,0.0636
2026-04-06 22:00:00+00:00,New York,40.7143,-74.006,6.62,10.48,52,5.27,20.7,25.0,17.2,22,0,0,0,-0.5000000000000004,0.8660254037844384,6.53,0.551,16.673,8.62,2.542,34.007,8.012,2.692,26.125,7.03,22.98,9.04,12.48,53.23,7.39,4.06,20.4,6.25,-0.41,-5.78,1.44,-0.0583,4.3,-5.78,-36.03,1,-1,1.233,9.683,0.0441,0.172,0.1009
2026-04-06 23:00:00+00:00,New York,40.7143,-74.006,7.55,10.58,54,4.48,20.8,25.6,18.75,23,0,0,0,-0.25881904510252157,0.9659258262890681,7.067,0.466,19.643,8.347,2.557,28.168,8.015,2.691,26.418,6.62,17.2,10.48,5.94,9.84,9.23,9.19,53.78,6.05,0.93,1.55,0.1,0.1405,4.8,1.55,8.91,1,-1,1.648,11.79,0.0503,0.1875,0.1455
2026-04-07 00:00:00+00:00,New York,40.7143,-74.006,7.55,11.35,59,5.36,21.6,27.5,21.45,0,1,0,0,0.0,1.0,7.24,0.537,19.133,7.862,2.343,23.908,8.072,2.665,26.612,7.55,18.75,10.58,7.03,22.98,9.04,10.46,47.01,7.06,0.0,2.7,0.77,0.0,5.9,2.7,-1.53,-1,-1,1.383,10.806,0.0503,0.2145,0.1247
2026-04-07 01:00:00+00:00,New York,40.7143,-74.006,7.24,11.38,51,5.19,21.4,27.5,22.18,1,1,0,0,0.25881904510252074,0.9659258262890683,7.447,0.179,20.793,6.988,0.621,18.733,8.028,2.67,26.367,7.55,21.45,11.35,6.62,17.2,10.48,12.48,53.23,7.39,-0.31,0.73,0.03,-0.0411,6.1,0.73,4.98,-1,-1,1.369,9.641,0.0483,0.2218,0.1
2026-04-07 02:00:00+00:00,New York,40.7143,-74.006,6.52,11.69,50,5.49,21.4,27.6,22.46,2,1,0,0,0.49999999999999994,0.8660254037844387,7.103,0.528,22.03,7.085,0.446,20.837,8.024,2.672,26.265,7.24,22.18,11.38,7.55,18.75,10.58,5.94,9.84,9.23,-0.72,0.28,0.31,-0.0994,6.2,0.28,3.71,-1,-1,1.166,8.945,0.0435,0.2246,0.0853
2026-04-07 03:00:00+00:00,New York,40.7143,-74.006,8.54,11.09,56,4.26,20.4,26.6,23.31,3,1,0,0,0.7071067811865476,0.7071067811865476,7.433,1.024,22.65,7.337,0.739,20.892,8.034,2.674,26.36,6.52,22.46,11.69,7.55,21.45,11.35,7.03,22.98,9.04,2.02,0.85,-0.6,0.3098,6.2,0.85,1.86,-1,-1,1.959,12.844,0.0569,0.2331,0.1678
2026-04-07 04:00:00+00:00,New York,40.7143,-74.006,8.58,11.14,54,3.39,20.6,27.5,25.09,4,1,0,0,0.8660254037844386,0.5000000000000001,7.88,1.178,23.62,7.663,0.79,22.207,7.992,2.656,26.918,8.54,23.31,11.09,7.24,22.18,11.38,6.62,17.2,10.48,0.04,1.78,0.05,0.0047,6.9,1.78,2.91,1,1,2.458,15.473,0.0572,0.2509,0.2234
2026-04-07 05:00:00+00:00,New York,40.7143,-74.006,7.6,10.31,56,4.28,21.2,24.7,14.17,5,1,0,0,0.9659258262890683,0.25881904510252074,8.24,0.555,20.857,7.672,0.789,21.443,7.998,2.655,26.985,8.58,25.09,11.14,6.52,22.46,11.69,7.55,18.75,10.58,-0.98,-10.92,-0.83,-0.1142,3.5,-10.92,-8.29,1,1,1.735,12.785,0.0507,0.1417,0.1666
2026-04-07 06:00:00+00:00,New York,40.7143,-74.006,6.48,10.14,56,4.5,19.1,24.8,22.98,6,1,0,0,1.0,6.123233995736766e-17,7.553,1.051,20.747,7.493,0.93,21.698,8.034,2.627,27.352,7.6,14.17,10.31,8.54,23.31,11.09,7.55,21.45,11.35,-1.12,8.81,-0.17,-0.1474,5.7,8.81,-0.33,1,1,1.409,12.174,0.0432,0.2298,0.1536
2026-04-07 07:00:00+00:00,New York,40.7143,-74.006,11.26,8.28,54,3.31,12.2,25.0,51.2,7,1,0,1,0.9659258262890683,-0.25881904510252063,8.447,2.5,29.45,8.163,1.775,26.535,7.921,2.411,27.66,6.48,22.98,10.14,8.58,25.09,11.14,7.24,22.18,11.38,4.78,28.22,-1.86,0.7377,12.8,28.22,26.11,1,1,3.302,15.836,0.0751,0.512,0.2311
2026-04-07 08:00:00+00:00,New York,40.7143,-74.006,14.77,8.2,53,1.05,16.4,26.0,36.92,8,1,0,1,0.8660254037844387,-0.4999999999999998,10.837,4.161,37.033,9.538,3.012,28.945,8.05,2.687,27.19,11.26,51.2,8.28,7.6,14.17,10.31,6.52,22.46,11.69,3.51,-14.28,-0.08,0.3117,9.6,-14.28,22.75,1,1,12.843,46.087,0.0985,0.3692,0.8712
2026-04-07 09:00:00+00:00,New York,40.7143,-74.006,16.46,8.01,52,1.05,14.6,25.0,41.6,9,1,0,1,0.7071067811865476,-0.7071067811865475,14.163,2.653,43.24,10.858,4.045,31.993,8.177,3.005,26.526,14.77,36.92,8.2,6.48,22.98,10.14,8.54,23.31,11.09,1.69,4.68,-0.19,0.1144,10.4,4.68,18.62,1,1,14.313,45.217,0.1097,0.416,0.8528
2026-04-07 10:00:00+00:00,New York,40.7143,-74.006,16.46,7.03,56,1.05,17.7,25.2,29.76,10,1,0,0,0.49999999999999994,-0.8660254037844387,15.897,0.976,36.093,12.172,4.419,32.772,8.543,3.444,27.088,16.46,41.6,8.01,11.26,51.2,8.28,8.58,25.09,11.14,0.0,-11.84,-0.98,0.0,7.5,-11.84,-21.44,1,1,14.313,48.696,0.1097,0.2976,0.9264
2026-04-07 11:00:00+00:00,New York,40.7143,-74.006,13.2,6.36,58,1.05,20.3,25.3,19.76,11,1,0,0,0.258819045102521,-0.9659258262890682,15.373,1.882,30.373,13.105,3.81,33.703,8.779,3.564,27.236,16.46,29.76,7.03,14.77,36.92,8.2,7.6,14.17,10.31,-3.26,-10.0,-0.67,-0.1981,5.0,-10.0,-17.16,1,1,11.478,50.435,0.088,0.1976,0.9632
2026-04-07 12:00:00+00:00,New York,40.7143,-74.006,12.54,5.54,60,1.05,19.4,25.0,22.4,12,1,0,0,1.2246467991473532e-16,-1.0,14.067,2.099,23.973,14.115,2.14,33.607,9.091,3.551,27.634,13.2,19.76,6.36,16.46,41.6,8.01,6.48,22.98,10.14,-0.66,2.64,-0.82,-0.05,5.6,2.64,-19.2,1,1,10.904,52.174,0.0836,0.224,1.0
2026-04-07 13:00:00+00:00,New York,40.7143,-74.006,10.58,6.08,57,1.05,19.3,25.2,23.41,13,1,0,0,-0.2588190451025208,-0.9659258262890683,12.107,1.363,21.857,14.002,2.331,28.975,9.294,3.488,27.876,12.54,22.4,5.54,16.46,29.76,7.03,11.26,51.2,8.28,-1.96,1.01,0.54,-0.1563,5.9,1.01,-6.35,1,-1,9.2,49.565,0.0705,0.2341,0.9448
2026-04-07 14:00:00+00:00,New York,40.7143,-74.006,11.1,4.94,59,1.05,21.9,25.4,13.78,14,1,0,0,-0.4999999999999997,-0.8660254037844388,11.407,1.015,19.863,13.39,2.559,25.118,9.472,3.465,27.368,10.58,23.41,6.08,13.2,19.76,6.36,14.77,36.92,8.2,0.52,-9.63,-1.14,0.0491,3.5,-9.63,-5.98,1,-1,9.652,51.304,0.074,0.1378,0.9816
2026-04-07 15:00:00+00:00,New York,40.7143,-74.006,10.97,5.59,57,1.05,20.5,25.1,18.33,15,1,0,0,-0.7071067811865471,-0.7071067811865479,10.883,0.271,18.507,12.475,2.198,21.24,9.716,3.35,27.166,11.1,13.78,4.94,12.54,22.4,5.54,16.46,41.6,8.01,-0.13,4.55,0.65,-0.0117,4.6,4.55,-4.07,-1,-1,9.539,49.565,0.0731,0.1833,0.9448
2026-04-07 16:00:00+00:00,New York,40.7143,-74.006,11.53,6.1,57,1.05,21.3,25.1,15.14,16,1,0,0,-0.8660254037844385,-0.5000000000000004,11.2,0.293,15.75,11.653,1.012,18.803,10.027,3.142,26.947,10.97,18.33,5.59,10.58,23.41,6.08,16.46,29.76,7.03,0.56,-3.19,0.51,0.051,3.8,-3.19,-8.27,-1,-1,10.026,49.565,0.0769,0.1514,0.9448
2026-04-07 17:00:00+00:00,New York,40.7143,-74.006,15.68,6.0,59,1.05,14.6,24.8,41.13,17,1,0,1,-0.9659258262890683,-0.25881904510252063,12.727,2.573,24.867,12.067,1.893,22.365,10.298,3.34,26.42,11.53,15.14,6.1,11.1,13.78,4.94,13.2,19.76,6.36,4.15,25.99,-0.1,0.3599,10.2,25.99,27.35,-1,-1,13.635,51.304,0.1045,0.4113,0.9816
2026-04-07 18:00:00+00:00,New York,40.7143,-74.006,15.82,7.33,53,1.05,17.1,24.8,31.05,18,1,0,1,-1.0,-1.8369701987210297e-16,14.343,2.437,29.107,12.613,2.449,23.807,10.521,3.525,25.755,15.68,41.13,6.0,10.97,18.33,5.59,12.54,22.4,5.54,0.14,-10.08,1.33,0.0089,7.7,-10.08,12.72,1,1,13.757,46.087,0.1055,0.3105,0.8712
2026-04-07 19:00:00+00:00,New York,40.7143,-74.006,14.08,8.66,55,1.05,15.0,25.7,41.63,19,1,0,1,-0.9659258262890684,0.2588190451025203,15.193,0.967,37.937,13.197,2.279,26.843,10.588,3.579,25.272,15.82,31.05,7.33,11.53,15.14,6.1,10.58,23.41,6.08,-1.74,10.58,1.33,-0.11,10.7,10.58,26.49,1,1,12.243,47.826,0.0939,0.4163,0.908
2026-04-07 20:00:00+00:00,New York,40.7143,-74.006,12.78,8.31,51,1.05,19.4,24.2,19.83,20,1,0,0,-0.8660254037844386,0.5000000000000001,14.227,1.525,30.837,13.477,2.062,27.852,10.872,3.463,25.688,14.08,41.63,8.66,15.68,41.13,6.0,11.1,13.78,4.94,-1.3,-21.8,-0.35,-0.0923,4.8,-21.8,-21.3,1,1,11.113,44.348,0.0852,0.1983,0.8344
2026-04-07 21:00:00+00:00,New York,40.7143,-74.006,4.19,9.24,51,5.94,21.3,24.7,13.77,21,1,0,0,-0.7071067811865477,0.7071067811865474,10.35,5.374,25.077,12.347,4.326,27.092,10.754,3.644,25.304,12.78,19.83,8.31,15.82,31.05,7.33,10.97,18.33,5.59,-8.59,-6.06,0.93,-0.6721,3.4,-6.06,-17.28,-1,1,0.694,8.444,0.0279,0.1377,0.0747
2026-04-07 22:00:00+00:00,New York,40.7143,-74.006,3.01,8.9,64,8.08,18.4,24.3,24.28,22,1,0,0,-0.5000000000000004,0.8660254037844384,6.66,5.333,19.293,10.927,5.796,28.615,10.604,3.888,25.599,4.19,13.77,9.24,14.08,41.63,8.66,11.53,15.14,6.1,-1.18,10.51,-0.34,-0.2816,5.9,10.51,-17.35,-1,1,0.368,7.824,0.0201,0.2428,0.0616
2026-04-07 23:00:00+00:00,New York,40.7143,-74.006,3.58,8.73,64,7.64,19.8,24.2,18.18,23,1,0,0,-0.25881904510252157,0.9659258262890681,3.593,0.59,18.743,8.91,5.915,24.79,10.438,4.102,25.575,3.01,24.28,8.9,12.78,19.83,8.31,15.68,41.13,6.0,0.57,-6.1,-0.17,0.1894,4.4,-6.1,-1.65,-1,-1,0.463,8.269,0.0239,0.1818,0.071
2026-04-08 00:00:00+00:00,New York,40.7143,-74.006,3.57,10.12,59,6.31,22.0,27.4,19.71,0,2,0,0,0.0,1.0,3.387,0.326,20.723,6.868,5.113,22.9,10.272,4.3,25.503,3.58,18.18,8.73,4.19,13.77,9.24,15.82,31.05,7.33,-0.01,1.53,1.39,-0.0028,5.4,1.53,5.94,-1,-1,0.557,9.204,0.0238,0.1971,0.0908
2026-04-08 01:00:00+00:00,New York,40.7143,-74.006,4.71,9.9,67,6.82,20.7,27.2,23.9,1,2,0,0,0.25881904510252074,0.9659258262890683,3.953,0.655,20.597,5.307,3.707,19.945,10.167,4.407,25.575,3.57,19.71,10.12,3.01,24.28,8.9,14.08,41.63,8.66,1.14,4.19,-0.22,0.3193,6.5,4.19,-0.38,-1,-1,0.681,9.682,0.0314,0.239,0.1009
2026-04-08 02:00:00+00:00,New York,40.7143,-74.006,7.09,9.38,63,5.41,20.8,27.8,25.18,2,2,0,0,0.49999999999999994,0.8660254037844387,5.123,1.796,22.93,4.358,1.46,20.837,10.191,4.388,25.688,4.71,23.9,9.9,3.58,18.18,8.73,12.78,19.83,8.31,2.38,1.28,-0.52,0.5053,7.0,1.28,7.0,-1,-1,1.287,11.434,0.0473,0.2518,0.138
2026-04-08 03:00:00+00:00,New York,40.7143,-74.006,6.24,9.59,63,5.08,19.7,27.3,27.84,3,2,0,0,0.7071067811865476,0.7071067811865476,6.013,1.206,25.64,4.7,1.641,23.182,10.095,4.45,25.877,7.09,25.18,9.38,3.57,19.71,10.12,4.19,13.77,9.24,-0.85,2.66,0.21,-0.1199,7.6,2.66,8.13,-1,1,1.205,12.162,0.0416,0.2784,0.1534
2026-04-08 04:00:00+00:00,New York,40.7143,-74.006,6.6,8.86,64,4.77,23.9,27.7,13.72,4,2,0,0,0.8660254037844386,0.5000000000000001,6.643,0.427,22.247,5.298,1.554,21.422,10.012,4.498,25.403,6.24,27.84,9.59,4.71,23.9,9.9,3.01,24.28,8.9,0.36,-14.12,-0.73,0.0577,3.8,-14.12,-10.18,-1,1,1.355,13.142,0.044,0.1372,0.1741
2026-04-08 05:00:00+00:00,New York,40.7143,-74.006,5.25,9.59,66,6.36,19.0,24.5,22.45,5,2,0,0,0.9659258262890683,0.25881904510252074,6.03,0.699,21.337,5.577,1.316,22.133,9.915,4.578,25.748,6.6,13.72,8.86,7.09,25.18,9.38,3.58,18.18,8.73,-1.35,8.73,0.73,-0.2045,5.5,8.73,-2.73,1,1,0.813,10.217,0.035,0.2245,0.1122
2026-04-08 06:00:00+00:00,New York,40.7143,-74.006,5.03,8.62,63,6.18,19.1,25.3,24.51,6,2,0,0,1.0,6.123233995736766e-17,5.627,0.85,20.227,5.82,0.957,22.933,9.854,4.634,25.812,5.25,22.45,9.59,6.24,27.84,9.59,3.57,19.71,10.12,-0.22,2.06,-0.97,-0.0419,6.2,2.06,-3.33,1,-1,0.801,10.032,0.0335,0.2451,0.1083
2026-04-08 07:00:00+00:00,New York,40.7143,-74.006,8.59,7.15,65,6.11,15.4,25.0,38.4,7,2,0,1,0.9659258262890683,-0.25881904510252063,6.29,1.995,28.453,6.467,1.305,25.35,9.743,4.631,25.278,5.03,24.51,8.62,6.6,13.72,8.86,4.71,23.9,9.9,3.56,13.89,-1.47,0.7078,9.6,13.89,24.68,1,1,1.383,10.467,0.0573,0.384,0.1175
2026-04-08 08:00:00+00:00,New York,40.7143,-74.006,12.14,7.51,66,5.26,15.0,24.4,38.52,8,2,0,1,0.8660254037844387,-0.4999999999999998,8.587,3.555,33.81,7.308,2.685,27.573,9.633,4.537,25.345,8.59,38.4,7.15,5.25,22.45,9.59,7.09,25.18,9.38,3.55,0.12,0.36,0.4133,9.4,0.12,16.07,1,1,2.265,12.313,0.0809,0.3852,0.1566
2026-04-08 09:00:00+00:00,New York,40.7143,-74.006,10.83,6.6,66,5.14,16.4,24.9,34.14,9,2,0,1,0.7071067811865476,-0.7071067811865475,10.52,1.795,37.02,8.073,2.96,28.623,9.399,4.308,25.034,12.14,38.52,7.51,5.03,24.51,8.62,6.24,27.84,9.59,-1.31,-4.38,-0.91,-0.1079,8.5,-4.38,9.63,1,1,2.067,12.595,0.0722,0.3414,0.1625
2026-04-08 10:00:00+00:00,New York,40.7143,-74.006,5.27,5.32,65,6.36,18.6,25.1,25.9,10,2,0,0,0.49999999999999994,-0.8660254037844387,9.413,3.648,32.853,7.852,3.137,30.653,8.932,4.112,24.873,10.83,34.14,6.6,8.59,38.4,7.15,6.6,13.72,8.86,-5.56,-8.24,-1.28,-0.5134,6.5,-8.24,-12.5,1,1,0.816,10.062,0.0351,0.259,0.1089
2026-04-08 11:00:00+00:00,New York,40.7143,-74.006,5.56,5.22,70,6.67,18.5,24.4,24.18,11,2,0,0,0.258819045102521,-0.9659258262890682,7.22,3.13,28.073,7.903,3.088,30.942,8.614,4.063,25.058,5.27,25.9,5.32,12.14,38.52,7.51,5.25,22.45,9.59,0.29,-1.72,-0.1,0.055,5.9,-1.72,-14.34,1,1,0.821,10.34,0.0371,0.2418,0.1148
2026-04-08 12:00:00+00:00,New York,40.7143,-74.006,4.61,4.35,69,6.85,19.1,24.8,22.98,12,2,0,0,1.2246467991473532e-16,-1.0,5.147,0.487,24.353,7.833,3.169,30.687,8.284,4.052,25.082,5.56,24.18,5.22,10.83,34.14,6.6,5.03,24.51,8.62,-0.95,-1.2,-0.87,-0.1709,5.7,-1.2,-11.16,-1,1,0.663,9.928,0.0307,0.2298,0.1061
2026-04-08 13:00:00+00:00,New York,40.7143,-74.006,5.16,3.08,70,6.66,20.4,25.2,19.05,13,2,0,0,-0.2588190451025208,-0.9659258262890683,5.11,0.477,22.07,7.262,3.312,27.462,8.058,4.069,24.9,4.61,22.98,4.35,5.27,25.9,5.32,8.59,38.4,7.15,0.55,-3.93,-1.27,0.1193,4.8,-3.93,-6.85,-1,-1,0.763,10.355,0.0344,0.1905,0.1151
2026-04-08 14:00:00+00:00,New York,40.7143,-74.006,3.3,4.14,68,8.48,20.1,24.9,19.28,14,2,0,0,-0.4999999999999997,-0.8660254037844388,4.357,0.956,20.437,5.788,2.597,24.255,7.733,4.127,25.129,5.16,19.05,3.08,5.56,24.18,5.22,12.14,38.52,7.51,-1.86,0.23,1.06,-0.3605,4.8,0.23,-4.9,-1,-1,0.385,7.925,0.022,0.1928,0.0637
2026-04-08 15:00:00+00:00,New York,40.7143,-74.006,3.78,4.16,64,8.12,21.3,25.6,16.8,15,2,0,0,-0.7071067811865471,-0.7071067811865479,4.08,0.966,18.377,4.613,0.9,21.365,7.433,4.143,25.065,3.3,19.28,4.14,4.61,22.98,4.35,10.83,34.14,6.6,0.48,-2.48,0.02,0.1455,4.3,-2.48,-6.18,-1,-1,0.46,7.786,0.0252,0.168,0.0608
2026-04-08 16:00:00+00:00,New York,40.7143,-74.006,3.17,3.63,70,8.01,19.2,24.7,22.27,16,2,0,0,-0.8660254037844385,-0.5000000000000004,3.417,0.321,19.45,4.263,0.996,20.76,7.085,4.135,25.362,3.78,16.8,4.16,5.16,19.05,3.08,5.27,25.9,5.32,-0.61,5.47,-0.53,-0.1614,5.5,5.47,3.22,-1,-1,0.391,8.631,0.0211,0.2227,0.0787
2026-04-08 17:00:00+00:00,New York,40.7143,-74.006,3.17,5.23,68,9.18,14.9,25.0,40.4,17,2,0,1,-0.9659258262890683,-0.25881904510252063,3.373,0.352,26.49,3.865,0.84,23.463,6.564,3.777,25.332,3.17,22.27,3.63,3.3,19.28,4.14,5.56,24.18,5.22,0.0,18.13,1.6,0.0,10.1,18.13,21.12,-1,-1,0.342,7.328,0.0211,0.404,0.0511
2026-04-08 18:00:00+00:00,New York,40.7143,-74.006,8.71,5.09,64,8.61,14.9,25.1,40.64,18,2,0,1,-1.0,-1.8369701987210297e-16,5.017,3.199,34.437,4.548,2.174,26.407,6.268,3.264,25.732,3.17,40.4,5.23,3.78,16.8,4.16,4.61,22.98,4.35,5.54,0.24,-0.14,1.7476,10.2,0.24,23.84,-1,1,1.0,7.348,0.0581,0.4064,0.0515
2026-04-08 19:00:00+00:00,New York,40.7143,-74.006,5.45,5.94,67,7.76,14.6,25.3,42.29,19,2,0,1,-0.9659258262890684,0.2588190451025203,5.777,2.784,41.11,4.597,2.194,30.28,5.908,2.809,25.759,8.71,40.64,5.09,3.17,22.27,3.63,5.16,19.05,3.08,-3.26,1.65,0.85,-0.3743,10.7,1.65,20.02,1,1,0.693,8.524,0.0363,0.4229,0.0764
2026-04-08 20:00:00+00:00,New York,40.7143,-74.006,3.45,6.51,69,7.54,19.8,24.9,20.48,20,2,0,0,-0.8660254037844386,0.5000000000000001,5.87,2.655,34.47,4.622,2.177,30.48,5.519,2.438,25.786,5.45,42.29,5.94,3.17,40.4,5.23,3.3,19.28,4.14,-2.0,-21.81,0.57,-0.367,5.1,-21.81,-19.92,1,1,0.452,9.031,0.023,0.2048,0.0871
2026-04-08 21:00:00+00:00,New York,40.7143,-74.006,2.54,7.05,68,7.63,19.5,25.0,22.0,21,2,0,0,-0.7071067811865477,0.7071067811865474,3.813,1.489,28.257,4.415,2.327,31.347,5.45,2.499,26.129,3.45,20.48,6.51,8.71,40.64,5.09,3.78,16.8,4.16,-0.91,1.52,0.54,-0.2638,5.5,1.52,-18.64,-1,1,0.329,8.797,0.0169,0.22,0.0822
2026-04-08 22:00:00+00:00,New York,40.7143,-74.006,11.72,9.59,68,4.53,21.9,25.4,13.78,22,2,0,0,-0.5000000000000004,0.8660254037844384,5.903,5.058,18.753,5.84,3.652,29.932,5.813,2.75,25.692,2.54,22.0,7.05,5.45,42.29,5.94,3.17,22.27,3.63,9.18,-8.22,2.54,3.6142,3.5,-8.22,-28.51,1,-1,2.531,14.687,0.0781,0.1378,0.2068
2026-04-08 23:00:00+00:00,New York,40.7143,-74.006,10.61,10.21,64,5.16,19.0,25.4,25.2,23,2,0,0,-0.25881904510252157,0.9659258262890681,8.29,5.01,20.327,7.08,3.823,27.398,6.106,2.873,25.984,11.72,13.78,9.59,3.45,20.48,6.51,3.17,40.4,5.23,-1.11,11.42,0.62,-0.0947,6.4,11.42,4.72,1,-1,2.017,12.167,0.0707,0.252,0.1535
2026-04-09 00:00:00+00:00,New York,40.7143,-74.006,11.52,10.47,67,4.21,23.6,27.8,15.11,0,3,0,0,0.0,1.0,11.283,0.592,18.03,7.548,4.215,23.143,6.438,3.022,25.792,10.61,25.2,10.21,2.54,22.0,7.05,8.71,40.64,5.09,0.91,-10.09,0.26,0.0858,4.2,-10.09,-6.89,1,-1,2.673,15.545,0.0768,0.1511,0.225
2026-04-09 01:00:00+00:00,New York,40.7143,-74.006,9.68,10.72,66,5.47,20.7,28.0,26.07,1,3,0,0,0.25881904510252074,0.9659258262890683,10.603,0.92,22.127,8.253,4.147,20.44,6.645,3.069,25.883,11.52,15.11,10.47,11.72,13.78,9.59,5.45,42.29,5.94,-1.84,10.96,0.25,-0.1597,7.3,10.96,12.29,1,-1,1.738,11.849,0.0645,0.2607,0.1468
2026-04-09 02:00:00+00:00,New York,40.7143,-74.006,12.7,11.35,66,3.83,22.1,28.2,21.63,2,3,0,0,0.49999999999999994,0.8660254037844387,11.3,1.522,20.937,9.795,3.7,20.632,6.878,3.308,25.735,9.68,26.07,10.72,10.61,25.2,10.21,3.45,20.48,6.51,3.02,-4.44,0.63,0.312,6.1,-4.44,-3.57,1,-1,3.232,16.794,0.0847,0.2163,0.2514
2026-04-09 03:00:00+00:00,New York,40.7143,-74.006,10.21,10.93,58,4.02,22.8,28.0,18.57,3,3,0,0,0.7071067811865476,0.7071067811865476,10.863,1.613,22.09,11.073,1.11,20.06,7.044,3.374,25.349,12.7,21.63,11.35,11.52,15.11,10.47,2.54,22.0,7.05,-2.49,-3.06,-0.42,-0.1961,5.2,-3.06,3.46,1,-1,2.478,14.078,0.0681,0.1857,0.1939
2026-04-09 04:00:00+00:00,New York,40.7143,-74.006,11.89,10.77,58,3.12,23.4,27.6,15.22,4,3,0,0,0.8660254037844386,0.5000000000000001,11.6,1.27,18.473,11.102,1.132,20.3,7.264,3.513,25.411,10.21,18.57,10.93,9.68,26.07,10.72,11.72,13.78,9.59,1.68,-3.35,-0.16,0.1645,4.2,-3.35,-10.85,1,-1,3.693,18.012,0.0793,0.1522,0.2772
2026-04-09 05:00:00+00:00,New York,40.7143,-74.006,12.25,9.91,65,3.17,18.4,24.7,25.51,5,3,0,0,0.9659258262890683,0.25881904510252074,11.45,1.089,19.767,11.375,1.186,20.352,7.556,3.628,25.539,11.89,15.22,10.77,12.7,21.63,11.35,10.61,25.2,10.21,0.36,10.29,-0.86,0.0303,6.3,10.29,3.88,1,-1,3.746,19.878,0.0817,0.2551,0.3166
2026-04-09 06:00:00+00:00,New York,40.7143,-74.006,11.17,9.66,72,4.1,19.9,25.1,20.72,6,3,0,0,1.0,6.123233995736766e-17,11.77,0.55,20.483,11.317,1.186,21.287,7.812,3.658,25.381,12.25,25.51,9.91,10.21,18.57,10.93,11.52,15.11,10.47,-1.08,-4.79,-0.25,-0.0882,5.2,-4.79,2.15,1,1,2.66,17.143,0.0745,0.2072,0.2588
2026-04-09 07:00:00+00:00,New York,40.7143,-74.006,17.7,8.87,67,2.84,9.6,25.0,61.6,7,3,0,1,0.9659258262890683,-0.25881904510252063,13.707,3.5,35.943,12.653,2.622,27.208,8.191,4.178,26.348,11.17,20.72,9.66,11.89,15.22,10.77,9.68,26.07,10.72,6.53,40.88,-0.79,0.5846,15.4,40.88,46.38,1,1,6.02,22.789,0.118,0.616,0.3782
2026-04-09 08:00:00+00:00,New York,40.7143,-74.006,17.6,8.35,67,3.37,12.4,24.8,50.0,8,3,0,1,0.8660254037844387,-0.4999999999999998,15.49,3.742,44.107,13.47,3.312,31.937,8.419,4.536,26.826,17.7,61.6,8.87,12.25,25.51,9.91,12.7,21.63,11.35,-0.1,-11.6,-0.52,-0.0056,12.4,-11.6,24.49,1,1,5.072,19.308,0.1173,0.5,0.3046
2026-04-09 09:00:00+00:00,New York,40.7143,-74.006,17.69,6.8,69,4.46,12.0,25.3,52.57,9,3,0,1,0.7071067811865476,-0.7071067811865475,17.663,0.055,54.723,14.717,3.247,37.603,8.705,4.896,27.594,17.6,50.0,8.35,11.17,20.72,9.66,10.21,18.57,10.93,0.09,2.57,-1.55,0.0051,13.3,2.57,31.85,1,1,3.879,15.132,0.1179,0.5257,0.2162
2026-04-09 10:00:00+00:00,New York,40.7143,-74.006,13.08,6.32,64,4.04,18.8,25.0,24.8,10,3,0,0,0.49999999999999994,-0.8660254037844387,16.123,2.636,42.457,14.915,3.071,39.2,9.03,4.917,27.548,17.69,52.57,6.8,17.7,61.6,8.87,11.89,15.22,10.77,-4.61,-27.77,-0.48,-0.2606,6.2,-27.77,-36.8,1,1,3.159,15.459,0.0872,0.248,0.2231
2026-04-09 11:00:00+00:00,New York,40.7143,-74.006,11.52,5.92,69,3.66,18.8,24.7,23.89,11,3,0,0,0.258819045102521,-0.9659258262890682,14.097,3.208,33.753,14.793,3.209,38.93,9.278,4.885,27.536,13.08,24.8,6.32,17.6,50.0,8.35,12.25,25.51,9.91,-1.56,-0.91,-0.4,-0.1193,5.9,-0.91,-26.11,1,1,3.064,18.351,0.0768,0.2389,0.2843
2026-04-09 12:00:00+00:00,New York,40.7143,-74.006,12.75,5.67,72,3.84,18.4,24.8,25.81,12,3,0,0,1.2246467991473532e-16,-1.0,12.45,0.822,24.833,15.057,2.903,39.778,9.618,4.829,27.654,11.52,23.89,5.92,17.69,52.57,6.8,11.17,20.72,9.66,1.23,1.92,-0.25,0.1068,6.4,1.92,-26.76,1,1,3.236,18.274,0.085,0.2581,0.2827
2026-04-09 13:00:00+00:00,New York,40.7143,-74.006,10.53,5.83,65,4.84,17.6,24.4,27.87,13,3,0,0,-0.2588190451025208,-0.9659258262890683,11.6,1.112,25.857,13.862,3.068,34.157,9.841,4.737,28.021,12.75,25.81,5.67,13.08,24.8,6.32,17.7,61.6,8.87,-2.22,2.06,0.16,-0.1741,6.8,2.06,3.07,-1,-1,2.132,13.158,0.0702,0.2787,0.1744
2026-04-09 14:00:00+00:00,New York,40.7143,-74.006,11.07,5.44,71,3.97,21.2,25.1,15.54,14,3,0,0,-0.4999999999999997,-0.8660254037844388,11.45,1.158,23.073,12.773,2.599,28.413,10.165,4.532,27.865,10.53,27.87,5.83,11.52,23.89,5.92,17.6,50.0,8.35,0.54,-12.33,-0.39,0.0513,3.9,-12.33,-8.35,-1,-1,2.72,17.445,0.0738,0.1554,0.2652
2026-04-09 15:00:00+00:00,New York,40.7143,-74.006,10.42,4.66,68,4.75,18.2,24.8,26.61,15,3,0,0,-0.7071067811865471,-0.7071067811865479,10.673,0.348,23.34,11.562,1.125,24.087,10.442,4.323,28.274,11.07,15.54,5.44,12.75,25.81,5.67,17.69,52.57,6.8,-0.65,11.07,-0.78,-0.0587,6.6,11.07,0.8,-1,-1,2.148,14.021,0.0695,0.2661,0.1927
2026-04-09 16:00:00+00:00,New York,40.7143,-74.006,7.77,6.38,77,5.91,19.2,25.1,23.51,16,3,0,0,-0.8660254037844385,-0.5000000000000004,9.753,1.748,21.887,10.677,1.655,23.872,10.633,4.081,28.326,10.42,26.61,4.66,10.53,27.87,5.83,13.08,24.8,6.32,-2.65,-3.1,1.72,-0.2543,5.9,-3.1,-4.36,-1,-1,1.293,12.812,0.0518,0.2351,0.1671
2026-04-09 17:00:00+00:00,New York,40.7143,-74.006,7.77,5.29,71,4.76,9.6,25.2,61.9,17,3,0,1,-0.9659258262890683,-0.25881904510252063,8.653,1.53,37.34,10.052,1.954,30.207,10.825,3.815,29.222,7.77,23.51,6.38,11.07,15.54,5.44,11.52,23.89,5.92,0.0,38.39,-1.09,0.0,15.6,38.39,46.36,-1,1,1.599,14.609,0.0518,0.619,0.2052
2026-04-09 18:00:00+00:00,New York,40.7143,-74.006,15.29,8.18,63,5.52,11.5,24.9,53.82,18,3,0,1,-1.0,-1.8369701987210297e-16,10.277,4.342,46.41,10.475,2.763,34.875,11.099,3.892,29.771,7.77,61.9,5.29,10.42,26.61,4.66,12.75,25.81,5.67,7.52,-8.08,2.89,0.9678,13.4,-8.08,27.21,-1,1,2.721,11.21,0.1019,0.5382,0.1332
2026-04-09 19:00:00+00:00,New York,40.7143,-74.006,15.29,7.92,71,4.69,10.1,24.6,58.94,19,3,0,1,-0.9659258262890684,0.2588190451025203,12.783,4.342,58.22,11.268,3.394,40.053,11.509,3.788,30.465,15.29,53.82,8.18,7.77,23.51,6.38,10.53,27.87,5.83,0.0,5.12,-0.26,0.0,14.5,5.12,35.43,1,1,3.192,14.823,0.1019,0.5894,0.2097
2026-04-09 20:00:00+00:00,New York,40.7143,-74.006,10.94,8.18,66,5.41,21.9,25.4,13.78,20,3,0,0,-0.8660254037844386,0.5000000000000001,13.84,2.511,42.18,11.247,3.396,39.76,11.821,3.382,30.185,15.29,58.94,7.92,7.77,61.9,5.29,11.07,15.54,5.44,-4.35,-45.16,0.26,-0.2845,3.5,-45.16,-48.12,1,1,1.985,11.978,0.0729,0.1378,0.1495
2026-04-09 21:00:00+00:00,New York,40.7143,-74.006,10.08,8.83,68,4.43,22.1,25.4,12.99,21,3,0,0,-0.7071067811865477,0.7071067811865474,12.103,2.793,28.57,11.19,3.415,37.49,12.135,2.779,29.81,10.94,13.78,8.18,15.29,53.82,8.18,10.42,26.61,4.66,-0.86,-0.79,0.65,-0.0786,3.3,-0.79,-40.83,1,1,2.225,15.011,0.0672,0.1299,0.2137
